9,8,2,3,0,5,1,0,0,5,5,86,2,1,0,0,0
9,11,0,2,0,39,1,0,0,23,4,20,2,1,0,0,0
9,3,1,3,0,0,0,1,2,19,10,19,1,1,0,0,0
9,0,0,1,0,8,1,0,2,28,0,9,1,0,1,2,0
9,9,0,3,0,124,0,0,2,2,1,28,2,1,0,0,0
9,5,2,3,0,4,0,0,0,17,5,24,1,1,0,0,0
9,3,0,3,0,32,1,0,2,18,6,28,2,1,0,0,0
9,11,0,1,0,-1,1,0,2,30,6,17,28,1,0,0,0
9,2,2,3,0,12,0,0,2,9,1,14,6,0,1,1,0
9,11,1,1,0,1,1,0,2,8,4,56,1,1,0,0,0
9,10,0,1,0,14,0,0,2,31,6,9,2,1,0,0,0
9,7,2,2,0,0,0,0,2,30,0,19,4,1,0,0,0
9,10,2,1,0,99,1,0,2,22,7,8,10,1,0,0,0
9,10,2,1,0,-1,0,0,2,8,6,41,1,1,0,0,0
9,4,0,2,0,2,0,0,2,19,7,17,4,1,0,0,0
9,3,0,3,0,3,0,0,2,6,1,19,2,1,0,0,0
9,7,1,1,0,0,1,0,2,13,4,40,2,1,0,0,0
9,4,0,1,0,0,0,0,2,11,7,15,4,1,0,0,0
9,10,2,1,0,11,1,0,0,5,4,5,1,1,0,0,0
9,11,2,1,0,2,1,0,2,11,4,13,1,1,0,0,0
9,7,2,2,0,28,1,0,0,19,5,6,1,1,0,0,0
9,2,0,3,0,0,0,0,0,5,4,4,1,1,0,0,0
9,3,2,3,0,10,1,1,2,19,10,14,1,0,1,2,0
9,7,2,1,0,22,1,0,0,16,4,82,2,1,0,0,0
9,3,0,1,0,45,1,0,0,27,4,7,4,1,0,0,0
9,0,1,1,0,7,1,0,0,29,4,7,1,1,0,0,0
9,10,0,1,0,62,0,1,2,7,7,18,2,1,0,0,0
9,3,0,1,0,17,1,1,2,13,7,9,5,1,0,0,0
9,0,2,1,0,3,1,1,0,13,4,43,2,1,0,0,0
9,3,0,3,0,0,0,1,2,9,1,4,4,1,0,0,0
9,0,2,1,0,13,1,0,2,14,4,33,2,0,1,2,0
9,0,0,1,0,3,1,1,2,28,6,16,2,1,0,0,0
9,2,2,1,0,0,0,0,2,14,3,20,2,1,0,0,0
9,11,2,2,0,3,0,1,2,11,6,61,2,1,0,0,0
9,10,2,1,0,3,1,0,2,25,4,15,4,0,1,2,0
9,0,1,1,0,-2,0,1,2,30,0,10,1,1,0,0,0
9,2,0,2,1,-1,1,0,2,9,1,29,6,1,0,0,0
9,5,0,1,0,0,0,0,2,7,7,8,2,1,0,0,0
9,4,0,3,0,1,0,0,2,19,7,11,2,1,0,0,0
9,0,0,1,0,2,0,1,2,7,7,5,2,1,0,0,0
9,7,0,1,0,29,0,0,2,21,6,27,3,1,0,0,0
9,0,0,1,0,0,1,0,2,23,6,10,4,1,0,0,0
9,6,2,1,0,38,1,0,2,15,4,26,1,0,1,2,0
9,5,1,0,0,-2,1,0,0,29,4,17,1,1,0,0,0
9,1,0,0,0,17,0,0,2,7,9,33,1,1,0,0,0
9,3,1,3,0,4,1,0,1,21,10,6,1,0,1,2,0
9,7,2,2,0,27,0,0,2,10,6,9,1,1,0,0,0
9,11,0,1,0,19,1,0,2,14,4,20,5,1,0,0,0
9,7,1,2,0,83,1,0,2,29,0,9,1,0,1,2,0
9,0,0,1,0,31,0,0,2,1,8,8,1,1,0,0,0
9,3,0,3,0,5,0,0,2,13,7,12,2,1,0,0,0
9,7,0,2,0,18,0,0,2,27,7,11,9,1,0,0,0
9,3,2,3,0,0,0,0,2,7,7,12,1,1,0,0,0
9,4,0,2,0,22,0,0,2,7,7,26,3,1,0,0,0
9,10,0,1,0,16,1,0,2,22,7,18,4,1,0,0,0
9,10,0,1,0,167,0,0,0,12,5,5,6,1,0,0,0
9,10,0,1,0,4,0,0,1,18,7,6,2,1,0,0,0
9,7,2,1,0,5,1,0,2,8,4,15,3,0,1,2,0
9,11,1,1,0,179,1,0,2,14,4,22,6,0,1,1,0
9,9,0,2,0,26,0,0,2,19,10,90,2,1,0,0,0
9,7,0,2,0,0,1,0,0,21,4,42,1,1,0,0,0
9,7,2,1,0,110,1,0,2,11,4,7,1,1,0,0,0
9,5,0,3,0,0,1,0,2,8,4,19,2,0,1,1,0
9,8,2,3,0,0,0,0,2,9,6,61,1,1,0,0,0
9,5,0,1,0,26,0,0,2,15,5,28,1,1,0,0,0
9,7,2,1,0,15,1,0,0,23,4,13,2,1,0,0,0
9,10,0,1,0,62,1,0,2,15,4,4,2,0,1,1,0
9,10,2,3,0,16,1,0,2,15,4,12,2,0,1,2,0
9,10,2,1,0,0,0,0,0,9,5,22,2,1,0,0,0
9,7,2,1,0,19,1,0,2,14,4,18,1,1,0,0,0
9,0,2,1,0,0,0,0,2,29,0,37,1,1,0,0,0
9,7,0,2,0,-2,1,0,2,18,4,11,1,1,0,0,0
9,10,0,1,0,0,1,0,2,8,4,7,2,1,0,0,0
9,6,0,1,0,4,1,0,2,4,4,36,5,1,0,0,0
9,7,0,2,0,-3,1,0,0,16,5,2,1,1,0,0,0
9,7,0,1,0,6,1,0,2,13,4,48,3,0,1,1,0
9,7,0,2,0,24,0,0,2,6,7,6,5,1,0,0,0
9,2,2,3,0,16,0,0,2,4,7,18,1,1,0,0,0
9,3,0,3,0,24,0,0,2,20,10,6,1,1,0,0,0
9,7,0,2,0,0,0,0,0,6,5,17,1,1,0,0,0
9,11,0,1,0,2,1,0,2,20,3,72,2,1,0,0,0
9,10,0,3,0,179,1,0,2,4,4,1,4,0,1,2,0
9,4,0,1,0,78,1,0,0,12,5,6,6,1,0,0,0
9,10,0,1,0,14,1,0,2,16,6,25,1,1,0,0,0
9,8,0,2,0,0,0,0,2,29,7,9,2,1,0,0,0
9,7,2,2,0,0,1,0,0,16,4,52,5,1,0,0,0
9,10,0,1,0,1,1,0,0,15,4,17,2,1,0,0,0
9,7,2,1,0,-14,1,1,0,2,5,5,1,1,0,0,0
9,3,1,3,0,18,1,0,0,8,4,47,1,1,0,0,0
9,2,0,2,0,77,0,0,0,9,6,39,8,1,0,0,0
9,3,0,3,0,32,1,0,2,3,1,1,6,1,0,0,0
9,11,0,1,0,2,0,0,2,19,7,17,1,1,0,0,0
9,9,1,1,0,13,0,0,2,30,6,76,4,1,0,0,0
9,10,1,1,0,2,1,0,2,18,10,19,1,1,0,0,0
9,3,0,3,0,0,1,0,1,28,6,6,8,1,0,0,0
9,7,0,2,0,65,1,1,1,18,4,4,1,1,0,0,0
9,10,2,1,0,0,1,0,2,30,6,9,29,1,0,0,0
9,3,0,3,0,-9,0,0,2,19,7,52,9,1,0,0,0
9,0,2,1,0,1,1,0,0,9,4,34,9,1,0,0,0
9,7,0,2,0,3,1,0,0,20,5,36,3,1,0,0,0
9,3,2,3,0,0,0,0,1,28,7,31,19,1,0,0,0
9,3,0,3,0,0,0,0,2,27,7,6,8,1,0,0,0
9,11,1,2,0,7,0,0,2,28,0,9,1,0,1,2,0
9,10,0,1,0,18,1,1,2,17,6,38,2,1,0,0,0
9,7,0,1,0,18,1,0,2,5,4,27,2,0,1,2,0
9,9,0,2,0,83,0,0,2,13,7,45,2,1,0,0,0
9,3,1,3,0,41,0,1,2,25,6,21,1,1,0,0,0
9,7,0,2,0,16,1,0,2,19,10,7,6,1,0,0,0
9,3,2,3,0,56,1,0,2,30,9,16,1,1,0,0,0
9,7,0,1,0,9,0,1,1,10,6,8,6,1,0,0,0
9,7,0,2,0,4,1,0,0,20,5,2,19,1,0,0,0
9,11,0,2,0,1,0,0,2,6,7,8,2,1,0,0,0
9,11,1,1,0,13,1,0,2,13,4,13,2,1,0,0,0
9,3,0,3,0,0,0,0,2,21,7,5,12,1,0,0,0
9,10,0,1,0,59,1,0,0,30,4,6,3,1,0,0,0
9,10,2,3,0,17,0,0,2,3,5,41,1,1,0,0,0
9,10,0,1,0,1,1,0,0,12,5,33,12,1,0,0,0
9,6,2,1,0,12,0,0,1,15,3,11,1,1,0,0,0
9,3,0,1,0,0,1,0,0,14,4,9,4,1,0,0,0
9,11,1,1,0,-20,1,1,2,18,4,17,3,1,0,0,0
9,7,0,1,0,24,1,0,2,11,4,62,1,1,0,0,0
9,3,0,3,0,26,0,0,2,16,6,18,1,0,1,2,0
9,3,0,3,0,179,0,0,2,5,7,6,2,1,0,0,0
9,1,0,1,0,25,0,0,2,12,7,11,9,1,0,0,0
9,0,1,1,0,6,1,0,2,21,10,34,1,0,1,2,0
9,7,0,2,0,-9,1,1,2,11,4,45,1,1,0,0,0
9,0,0,1,0,36,0,0,2,21,10,49,2,1,0,0,0
9,10,0,1,0,17,1,0,0,23,4,27,1,1,0,0,0
9,3,0,1,0,24,0,0,2,29,0,28,1,1,0,0,0
9,7,2,1,0,1,1,0,0,7,4,6,1,1,0,0,0
9,10,1,3,0,0,1,0,2,11,7,24,5,1,0,0,0
9,9,0,2,0,13,0,0,2,20,7,20,4,1,0,0,0
9,11,0,1,0,35,0,0,2,30,6,22,7,1,0,0,0
9,9,1,1,0,6,1,0,0,30,4,7,2,1,0,0,0
9,9,0,1,0,9,0,0,2,23,3,16,1,1,0,0,0
9,10,2,3,0,7,1,1,2,15,4,20,3,0,1,3,0
9,7,0,2,0,1,1,0,0,5,4,15,2,1,0,0,0
9,5,0,1,0,2,1,0,2,17,3,11,1,0,1,2,0
9,6,2,3,0,99,0,0,2,17,8,28,3,0,1,2,0
9,3,0,3,0,33,1,0,0,6,4,76,1,1,0,0,0
9,10,0,1,0,40,1,1,2,9,6,19,1,1,0,0,0
9,3,2,3,0,179,0,0,2,3,6,6,2,1,0,0,0
9,7,0,1,0,12,1,0,2,24,6,25,2,1,0,0,0
9,7,0,2,0,0,1,0,0,13,4,8,2,1,0,0,0
9,7,0,0,0,5,1,0,1,14,6,21,3,1,0,0,0
9,10,2,1,0,24,0,0,1,17,7,12,1,0,1,1,0
9,10,0,1,0,0,1,0,2,24,6,16,1,1,0,0,0
9,10,0,1,0,30,1,0,0,29,4,74,1,1,0,0,0
9,10,0,1,0,4,1,0,1,21,6,1,1,1,0,0,0
9,8,2,0,0,8,1,0,0,19,5,7,1,1,0,0,0
9,11,1,1,0,-19,1,0,0,28,4,21,1,1,0,0,0
9,7,0,2,0,0,1,0,0,20,4,5,26,1,0,0,0
9,3,2,3,0,8,0,0,2,22,4,29,2,1,0,0,0
9,7,0,1,0,4,1,1,2,17,3,11,1,1,0,0,0
9,7,0,1,0,38,1,0,2,14,4,53,1,0,1,2,0
9,9,0,1,0,172,0,0,2,12,4,73,3,0,1,2,0
9,10,2,1,0,12,1,0,2,6,4,28,2,0,1,2,0
9,10,0,1,0,19,0,0,2,26,7,34,4,1,0,0,0
9,7,0,2,0,25,0,0,2,18,7,13,3,1,0,0,0
9,10,2,1,0,-16,1,1,0,26,4,97,1,1,0,0,0
9,7,0,1,0,13,1,0,0,6,5,96,1,1,0,0,0
9,3,2,3,0,9,1,0,2,3,1,9,3,0,1,1,0
9,0,0,1,0,0,1,0,2,7,4,18,4,0,1,1,0
9,3,0,3,0,-11,1,0,2,14,7,10,2,1,0,0,0
9,3,0,3,0,1,0,0,1,7,4,37,2,0,1,2,0
9,4,2,3,0,14,1,0,2,6,1,13,2,1,0,0,0
9,7,0,1,0,10,1,1,0,4,5,12,2,1,0,0,0
9,0,2,1,0,-7,1,0,2,14,6,22,4,1,0,0,0
9,5,0,0,0,19,0,1,0,5,5,22,1,1,0,0,0
9,0,2,1,0,13,0,0,0,10,6,6,1,1,0,0,0
9,11,0,2,0,9,1,0,0,14,4,8,1,1,0,0,0
9,3,0,1,0,179,0,0,2,26,7,1,14,1,0,0,0
9,11,2,1,0,44,1,0,0,14,4,7,2,1,0,0,0
9,7,0,1,0,9,1,1,0,23,4,9,1,1,0,0,0
9,11,2,1,0,3,0,0,2,16,10,17,1,0,1,2,0
9,11,0,1,0,8,1,0,0,16,4,99,1,1,0,0,0
9,0,0,1,0,1,0,0,2,5,1,10,1,0,1,3,0
9,3,0,3,0,56,0,0,0,20,5,9,3,1,0,0,0
9,10,1,1,0,1,1,0,0,26,4,5,2,1,0,0,0
9,7,0,2,0,2,1,0,1,15,4,7,5,0,1,1,0
9,3,0,3,0,15,1,0,2,9,1,4,3,1,0,0,0
9,11,2,1,0,21,1,0,2,3,1,58,3,1,0,0,0
9,11,1,1,0,3,0,0,2,14,6,12,3,1,0,0,0
9,3,0,3,0,96,1,0,2,25,10,17,1,1,0,0,0
9,7,0,1,0,-1,1,1,2,17,6,99,3,1,0,0,0
9,0,2,3,0,35,1,0,2,23,6,27,1,1,0,0,0
9,8,0,2,0,12,0,0,2,12,7,8,4,1,0,0,0
9,7,0,2,0,49,1,0,0,15,4,3,1,1,0,0,0
9,0,0,2,0,4,1,0,2,17,3,37,2,1,0,0,0
9,3,1,3,0,6,1,0,0,16,4,78,2,1,0,0,0
9,2,0,3,0,-10,1,0,0,19,4,66,7,1,0,0,0
9,10,0,1,0,-6,1,1,2,30,3,12,3,1,0,0,0
9,9,0,2,0,16,0,0,1,7,6,27,1,1,0,0,0
9,3,0,3,0,6,1,0,0,23,4,16,3,1,0,0,0
9,7,2,1,0,10,0,1,2,6,1,9,3,0,1,3,0
9,5,0,3,0,63,1,1,2,19,10,33,3,1,0,0,0
9,7,2,1,0,18,1,0,2,18,4,7,1,1,0,0,0
9,2,0,0,0,19,1,0,1,21,6,69,10,1,0,0,0
9,3,0,1,0,3,0,0,2,22,7,9,2,1,0,0,0
9,7,2,1,0,50,1,0,0,4,5,8,5,1,0,0,0
9,11,0,2,0,18,0,0,0,27,5,15,2,1,0,0,0
9,10,2,1,0,2,1,0,2,13,4,7,5,1,0,0,0
9,7,2,1,0,11,0,0,2,5,1,1,6,1,0,0,0
9,9,0,1,0,58,0,0,2,12,3,14,1,0,1,3,0
9,3,1,3,0,67,0,0,2,21,9,18,1,0,1,1,0
9,5,0,1,0,0,0,1,2,29,0,19,2,1,0,0,0
9,10,0,1,0,8,1,0,2,29,7,6,2,1,0,0,0
9,7,0,1,0,19,0,0,0,16,5,27,1,1,0,0,0
9,10,0,3,0,23,0,1,2,10,6,5,3,1,0,0,0
9,11,0,0,0,92,1,0,1,18,10,5,2,1,0,0,0
9,0,0,1,0,28,1,0,2,27,4,14,1,1,0,0,0
9,7,0,2,0,7,1,0,0,16,4,42,3,1,0,0,0
9,7,0,1,0,101,0,0,2,12,4,25,2,0,1,2,0
9,9,0,2,0,62,1,0,2,22,6,23,1,1,0,0,0
9,10,2,1,0,0,0,1,2,25,7,14,8,1,0,0,0
9,7,0,2,0,0,0,1,2,2,1,15,2,1,0,0,0
9,7,0,1,0,0,1,0,0,7,4,28,2,1,0,0,0
9,3,0,3,0,179,0,0,2,20,3,10,1,1,0,0,0
9,10,1,1,0,65,0,0,2,7,4,38,2,1,0,0,0
9,11,0,2,0,11,1,0,2,8,4,14,1,1,0,0,0
9,11,1,1,0,3,0,0,2,22,7,16,2,1,0,0,0
9,10,0,1,0,0,0,0,2,28,6,24,3,1,0,0,0
9,11,0,1,0,0,1,0,2,22,6,18,1,1,0,0,0
9,7,1,2,0,5,1,0,0,13,4,2,1,1,0,0,0
9,10,0,1,0,0,1,0,2,17,10,43,1,1,0,0,0
9,10,0,1,0,8,1,0,0,19,5,3,31,1,0,0,0
9,3,0,3,0,3,0,0,2,25,7,39,6,1,0,0,0
9,3,0,1,0,0,0,0,2,22,7,8,3,1,0,0,0
9,7,0,2,0,28,1,0,2,8,4,18,2,0,1,1,0
9,3,2,3,0,30,0,0,2,22,7,23,2,1,0,0,0
9,2,0,1,0,32,0,0,0,20,5,99,1,1,0,0,0
9,5,1,3,0,8,0,0,2,24,6,5,2,1,0,0,0
9,0,0,1,0,74,0,0,2,18,2,20,4,0,1,2,0
9,3,0,1,0,59,0,0,2,26,2,20,1,1,0,0,0
9,7,1,1,0,1,1,0,0,27,4,72,2,1,0,0,0
9,10,0,1,0,22,0,0,2,14,6,60,2,1,0,0,0
9,6,2,3,0,0,1,0,0,6,4,28,1,1,0,0,0
9,7,0,2,0,74,1,0,0,19,4,2,3,1,0,0,0
9,0,0,1,0,26,1,0,0,28,4,8,6,1,0,0,0
9,3,0,3,0,3,0,0,0,8,7,31,4,1,0,0,0
9,10,0,3,0,0,0,1,2,8,4,5,1,0,1,2,0
9,6,0,1,0,0,0,0,2,21,6,10,1,1,0,0,0
9,9,0,1,0,5,0,0,2,17,10,70,2,1,0,0,0
9,10,2,1,0,9,1,0,0,3,5,23,2,1,0,0,0
9,3,1,1,0,-9,1,0,0,26,4,29,2,1,0,0,0
9,9,1,1,0,91,0,0,2,11,9,11,2,0,1,2,0
9,11,0,1,0,68,1,0,2,22,6,48,4,1,0,0,0
9,0,0,1,0,0,1,0,2,19,7,9,2,1,0,0,0
9,3,0,3,0,162,0,0,2,28,4,47,3,1,0,0,0
9,3,0,3,0,-2,1,0,2,11,6,9,1,1,0,0,0
9,11,1,1,0,0,1,0,2,18,4,1,8,1,0,0,0
9,0,0,1,0,17,1,0,1,12,10,11,1,0,1,3,0
9,10,2,1,0,2,0,0,2,22,7,20,1,1,0,0,0
9,7,1,1,0,4,1,0,0,27,4,21,2,1,0,0,0
9,3,0,3,0,70,1,0,2,8,4,44,1,1,0,0,0
9,4,2,3,0,179,1,0,2,21,10,10,2,1,0,0,0
9,0,2,0,0,4,1,0,0,9,4,37,1,1,0,0,0
9,5,0,1,0,169,0,0,2,29,7,13,9,1,0,0,0
9,10,0,1,0,11,0,0,0,14,4,26,2,1,0,0,0
9,10,0,1,0,13,1,0,2,14,4,24,2,0,1,2,0
9,4,0,3,0,28,1,0,1,21,6,10,11,1,0,0,0
9,10,1,1,0,13,1,1,2,3,3,19,1,0,1,1,0
9,11,2,1,0,6,0,0,2,3,6,20,1,1,0,0,0
9,11,0,1,0,7,0,1,1,18,6,5,9,1,0,0,0
9,0,2,1,0,0,1,0,2,18,4,55,5,1,0,0,0
9,10,0,1,0,1,1,1,0,5,4,15,2,1,0,0,0
9,9,1,1,0,29,0,0,2,8,5,50,1,1,0,0,0
9,7,2,1,0,0,1,0,0,17,9,11,1,1,0,0,0
9,3,0,3,0,56,1,0,2,27,7,15,9,1,0,0,0
9,8,0,1,0,0,0,0,2,18,7,24,6,1,0,0,0
9,0,2,1,0,19,1,0,2,7,3,47,1,1,0,0,0
9,11,0,1,0,16,1,1,0,16,4,13,1,1,0,0,0
9,7,0,2,0,0,1,0,0,8,4,54,3,1,0,0,0
9,7,0,1,0,19,1,0,2,28,6,11,4,1,0,0,0
9,3,0,3,0,179,0,0,2,21,10,16,5,1,0,0,0
9,3,0,3,0,68,0,0,2,2,1,12,1,0,1,3,0
9,3,2,1,0,32,0,0,2,31,6,12,6,1,0,0,0
9,7,2,1,0,25,1,0,2,14,3,58,1,1,0,0,0
9,10,0,1,0,2,1,1,2,14,6,15,4,1,0,0,0
9,3,0,1,0,-12,1,1,0,21,4,48,1,1,0,0,0
9,0,0,1,0,0,1,0,0,7,4,12,1,1,0,0,0
9,7,1,2,0,51,1,0,2,11,4,4,1,0,1,2,0
9,10,1,1,0,43,0,0,2,16,3,6,5,0,1,1,0
9,7,0,2,0,4,1,0,0,9,4,14,2,1,0,0,0
9,3,2,3,0,179,0,0,2,20,7,22,5,1,0,0,0
9,11,0,1,0,133,1,1,2,14,3,30,2,1,0,0,0
9,7,0,1,0,38,1,0,2,7,4,22,1,1,0,0,0
9,4,0,3,0,11,0,0,2,28,0,4,1,0,1,2,0
9,10,2,3,0,2,1,1,2,21,6,21,3,0,1,2,0
9,3,2,3,0,0,1,1,2,8,4,7,1,1,0,0,0
9,10,2,1,0,16,0,1,2,23,6,8,13,1,0,0,0
9,9,0,1,0,20,0,0,2,30,6,35,6,1,0,0,0
9,3,0,3,0,65,1,0,2,4,1,19,2,0,1,2,0
9,3,0,3,0,69,0,1,2,28,9,9,1,1,0,0,0
9,3,2,1,0,2,0,0,2,14,7,11,2,1,0,0,0
9,3,0,3,0,15,1,1,0,12,4,10,2,1,0,0,0
9,6,2,3,0,7,1,0,1,18,4,20,5,1,0,0,0
9,7,2,1,0,8,1,0,2,16,3,21,1,0,1,2,0
9,8,2,0,0,23,0,0,2,26,4,7,1,0,1,2,0
9,3,1,3,0,2,0,0,2,20,10,39,2,0,1,3,0
9,3,2,3,0,0,0,1,2,8,6,25,1,1,0,0,0
9,3,0,3,0,131,0,0,2,27,7,13,8,1,0,0,0
9,8,0,3,1,2,1,0,2,11,4,1,5,1,0,0,0
9,3,0,3,0,31,0,0,1,21,6,3,1,1,0,0,0
9,3,1,3,0,65,1,0,0,27,4,12,2,1,0,0,0
9,5,0,3,0,5,1,0,0,27,4,32,2,1,0,0,0
9,10,2,1,0,69,1,0,2,20,10,10,4,0,1,2,0
9,4,1,0,0,179,0,0,1,30,3,7,2,1,0,0,0
9,11,0,1,0,78,1,0,2,20,10,59,1,1,0,0,0
9,7,0,2,0,13,1,0,2,20,3,89,2,1,0,0,0
9,0,2,1,0,4,1,1,2,17,3,7,2,0,1,3,0
9,3,0,3,0,-4,1,0,2,18,10,6,2,1,0,0,0
9,7,0,1,0,11,1,0,0,5,4,47,1,1,0,0,0
9,10,0,3,0,5,1,0,2,14,4,37,4,0,1,1,0
9,9,0,3,0,160,0,0,2,3,1,11,2,1,0,0,0
9,9,0,0,0,-10,0,1,0,4,6,33,1,1,0,0,0
9,3,0,3,0,140,0,0,0,11,5,64,2,1,0,0,0
9,3,0,3,0,0,1,0,0,6,5,30,5,1,0,0,0
9,0,2,3,0,41,0,0,2,7,3,4,2,1,0,0,0
9,3,0,3,0,0,0,0,2,21,7,29,1,1,0,0,0
9,3,0,3,0,45,0,0,2,18,10,67,1,1,0,0,0
9,10,2,1,0,27,0,0,2,27,1,7,1,1,0,0,0
9,3,0,2,0,6,1,0,2,14,4,0,4,0,1,2,0
9,10,0,1,0,1,0,1,2,3,1,17,3,1,0,0,0
9,0,1,1,0,52,0,0,0,6,5,6,5,1,0,0,0
9,4,0,2,0,7,0,0,0,30,5,0,1,1,0,0,0
9,10,0,1,0,14,1,0,1,14,4,21,2,1,0,0,0
9,10,2,3,0,21,1,0,2,18,4,19,1,1,0,0,0
9,4,0,1,0,3,0,0,0,12,5,16,1,1,0,0,0
9,10,0,1,0,4,1,0,0,12,5,7,12,1,0,0,0
9,0,2,1,0,62,0,0,1,5,10,44,1,0,1,2,0
9,3,2,3,0,25,1,0,0,2,5,11,3,1,0,0,0
9,4,0,1,0,0,1,0,2,29,6,21,4,1,0,0,0
9,2,0,1,0,0,0,0,2,30,0,6,2,1,0,0,0
9,11,0,2,0,0,0,1,2,19,10,13,3,0,1,2,0
9,0,0,1,0,33,0,0,2,4,1,24,1,1,0,0,0
9,3,1,3,0,3,1,0,2,17,6,5,1,1,0,0,0
9,7,0,1,0,0,1,0,2,21,6,9,1,1,0,0,0
9,2,2,3,0,179,0,0,2,3,1,13,1,1,0,0,0
9,10,2,1,0,17,1,0,2,25,4,16,3,0,1,2,0
9,0,1,1,0,1,1,0,0,5,4,13,1,1,0,0,0
9,9,1,2,0,50,1,0,2,19,10,68,2,0,1,2,0
9,0,0,1,0,29,1,0,0,20,4,8,2,1,0,0,0
9,3,0,3,0,8,1,0,2,4,5,19,1,1,0,0,0
9,2,1,1,0,74,1,0,2,30,6,16,1,1,0,0,0
9,0,2,1,0,0,1,0,1,8,6,10,1,1,0,0,0
9,7,0,2,0,43,0,0,2,15,4,46,1,0,1,2,0
9,5,0,3,0,0,1,0,0,20,5,5,2,1,0,0,0
9,3,2,3,0,0,0,0,2,21,7,24,2,1,0,0,0
9,0,0,1,0,28,1,0,0,6,5,6,3,1,0,0,0
9,7,0,2,0,51,1,0,1,20,10,28,2,0,1,2,0
9,7,0,1,1,0,1,1,2,7,4,27,1,1,0,0,0
9,3,2,3,0,170,0,0,2,18,5,39,2,1,0,0,0
9,3,0,3,0,6,1,0,2,29,0,5,1,0,1,2,0
9,3,2,3,0,3,0,0,2,27,7,3,13,1,0,0,0
9,7,0,1,0,7,1,1,2,20,3,6,2,1,0,0,0
9,3,1,3,0,14,0,0,2,19,1,13,3,0,1,2,0
9,3,0,3,0,6,1,0,0,2,5,6,4,1,0,0,0
9,10,0,1,0,60,0,0,1,2,10,35,2,0,1,2,0
9,10,0,2,0,-7,0,0,0,9,5,22,2,1,0,0,0
9,10,0,1,0,151,0,0,1,28,9,14,1,1,0,0,0
9,11,0,1,0,26,1,0,0,9,4,25,4,1,0,0,0
9,0,0,1,0,63,1,0,2,5,4,20,5,0,1,2,0
9,10,2,1,0,18,1,0,2,21,10,5,1,0,1,2,0
9,6,2,1,0,10,0,0,2,14,11,12,3,1,0,0,0
9,9,0,0,0,0,0,0,1,4,7,15,1,0,1,1,0
9,0,0,1,0,17,1,0,2,2,1,13,1,1,0,0,0
9,7,0,1,0,53,1,1,0,4,5,42,2,1,0,0,0
9,10,1,2,0,10,0,0,0,12,5,13,2,1,0,0,0
9,2,0,3,0,0,0,1,2,22,6,8,3,1,0,0,0
9,7,2,1,0,20,0,0,2,21,10,8,2,1,0,0,0
9,3,2,3,0,0,1,1,2,17,10,10,2,1,0,0,0
9,4,0,2,0,4,0,0,1,18,6,20,3,1,0,0,0
9,11,0,1,0,0,0,0,2,26,7,18,4,1,0,0,0
9,4,0,1,0,0,0,0,2,22,7,19,2,1,0,0,0
9,7,0,1,0,2,1,0,2,16,3,47,1,1,0,0,0
9,7,0,1,0,-7,1,0,2,13,4,31,3,0,1,2,0
9,3,0,3,0,3,0,0,1,11,4,7,2,0,1,2,0
9,7,0,2,0,119,1,1,2,20,10,40,1,0,1,2,0
9,0,0,1,0,2,0,1,2,8,6,48,1,1,0,0,0
9,7,0,1,0,1,1,0,2,12,4,13,2,1,0,0,0
9,3,0,3,0,124,1,1,0,13,4,12,1,1,0,0,0
9,7,0,2,0,172,1,0,0,11,5,11,1,1,0,0,0
9,4,0,2,0,2,0,0,2,8,7,12,4,1,0,0,0
9,7,0,1,0,2,1,0,0,8,4,14,1,1,0,0,0
9,3,1,3,0,8,1,0,2,30,0,6,1,1,0,0,0
9,7,0,1,0,5,1,0,2,29,0,60,2,1,0,0,0
9,0,0,1,0,6,1,1,2,12,4,4,3,0,1,2,0
9,3,1,2,0,53,0,0,1,6,6,29,1,1,0,0,0
9,10,0,0,0,29,0,0,1,31,6,0,3,1,0,0,0
9,7,0,1,0,5,1,0,0,6,5,11,5,1,0,0,0
9,0,1,1,0,-3,1,0,0,14,4,0,2,1,0,0,0
9,10,2,3,0,137,1,0,2,28,0,19,1,0,1,2,0
9,3,0,3,0,21,1,1,2,21,10,22,2,0,1,2,0
9,7,2,2,0,2,1,0,0,16,4,37,2,1,0,0,0
9,3,2,3,0,53,1,0,2,7,4,19,1,1,0,0,0
9,3,0,3,0,29,1,1,2,16,3,17,3,1,0,0,0
9,7,0,1,0,12,0,0,2,13,4,26,1,1,0,0,0
9,0,0,1,0,-8,1,0,0,23,4,2,1,1,0,0,0
9,8,2,1,0,23,0,0,2,10,6,31,1,1,0,0,0
9,11,2,3,0,5,1,1,0,29,4,13,1,1,0,0,0
9,0,0,1,0,58,1,1,2,17,10,13,2,1,0,0,0
9,4,0,2,0,21,0,1,0,18,5,1,1,1,0,0,0
9,7,0,2,0,20,1,0,0,3,5,1,18,1,0,0,0
9,11,0,1,0,0,1,0,1,10,6,2,1,1,0,0,0
9,11,0,2,0,156,0,0,0,16,5,14,2,1,0,0,0
9,8,0,3,0,9,0,1,2,22,6,63,1,1,0,0,0
9,6,2,3,0,13,1,0,2,29,0,35,1,0,1,1,0
9,7,0,1,0,-11,1,0,0,9,5,44,8,1,0,0,0
9,4,0,2,0,9,0,0,2,25,7,10,6,1,0,0,0
9,3,0,3,0,97,0,0,2,26,7,4,11,1,0,0,0
9,3,0,3,0,0,0,0,2,14,8,35,2,1,0,0,0
9,10,0,1,0,-1,0,0,2,15,4,20,1,1,0,0,0
9,7,0,2,0,9,1,0,0,8,4,20,1,1,0,0,0
9,3,1,3,0,2,1,0,2,28,6,15,5,1,0,0,0
9,6,2,1,0,9,0,0,2,15,11,27,3,0,1,1,0
9,0,0,1,0,134,0,0,2,14,7,25,3,1,0,0,0
9,7,0,2,0,11,1,1,2,14,7,33,2,1,0,0,0
9,4,0,2,0,0,0,0,2,3,5,33,3,0,1,1,0
9,10,0,2,0,25,1,0,2,30,0,4,1,0,1,2,0
9,3,1,3,0,-6,0,1,2,29,0,14,1,1,0,0,0
9,10,0,3,0,179,1,0,2,18,10,37,2,1,0,0,0
9,3,0,3,0,97,0,0,2,31,6,19,3,1,0,0,0
9,10,0,1,0,-5,1,0,0,26,4,13,1,1,0,0,0
9,10,1,1,0,6,1,1,2,17,3,38,2,1,0,0,0
9,10,0,3,0,0,0,1,2,5,7,40,1,1,0,0,0
9,8,2,1,0,7,1,0,2,27,7,51,6,1,0,0,0
9,10,1,1,0,25,1,0,0,26,4,14,1,1,0,0,0
9,3,0,1,0,5,1,0,2,6,4,13,6,1,0,0,0
9,10,2,1,0,5,1,0,2,29,0,23,2,0,1,2,0
9,3,0,3,0,68,0,0,2,14,11,26,1,0,1,2,0
9,9,0,2,0,0,0,0,2,5,5,49,2,1,0,0,0
9,7,0,1,0,-20,1,0,0,16,4,17,4,1,0,0,0
9,5,2,3,1,0,1,1,0,27,4,0,4,1,0,0,0
9,10,0,1,0,5,1,0,2,8,5,30,3,1,0,0,0
9,4,1,2,0,118,0,0,2,30,6,20,3,1,0,0,0
9,7,0,2,0,48,0,0,2,23,6,4,1,1,0,0,0
9,6,2,1,0,26,0,0,2,29,0,38,2,1,0,0,0
9,7,2,1,0,1,0,0,0,5,5,9,2,1,0,0,0
9,3,2,3,0,0,0,0,2,29,7,13,2,1,0,0,0
9,11,0,1,0,7,1,1,2,17,3,65,1,1,0,0,0
9,11,0,1,0,35,1,0,0,14,4,38,4,1,0,0,0
9,10,0,1,0,83,1,0,2,4,4,34,2,1,0,0,0
9,3,0,3,1,0,0,1,2,18,10,28,1,1,0,0,0
9,10,1,1,0,2,0,0,2,29,7,6,4,1,0,0,0
9,3,0,3,0,20,0,0,1,10,11,20,1,1,0,0,0
9,3,2,3,0,34,1,0,2,3,5,11,1,1,0,0,0
9,3,1,3,0,105,1,1,2,7,6,1,19,1,0,0,0
9,7,0,1,0,13,0,1,0,1,6,28,3,1,0,0,0
9,3,2,3,0,1,1,1,0,8,4,20,1,1,0,0,0
9,7,1,0,0,3,0,0,0,11,9,0,1,0,1,1,0
9,0,0,1,0,0,1,0,2,21,10,5,6,1,0,0,0
9,0,0,1,0,-1,1,1,0,4,6,6,1,1,0,0,0
9,11,0,2,0,0,1,0,2,20,3,9,2,0,1,2,0
9,7,2,1,0,6,0,0,1,11,8,24,2,0,1,1,0
9,3,2,3,0,9,1,0,2,23,6,17,2,1,0,0,0
9,3,0,3,0,53,0,0,2,3,5,19,1,1,0,0,0
9,3,0,3,0,26,0,1,2,17,6,12,3,1,0,0,0
9,7,0,0,0,-14,1,0,0,20,4,9,2,1,0,0,0
9,0,2,1,0,25,1,0,2,6,4,34,3,0,1,1,0
9,7,0,1,0,0,1,0,2,30,6,18,6,1,0,0,0
9,3,2,1,0,85,1,0,2,19,10,4,1,0,1,1,0
9,8,2,3,0,9,1,1,0,9,4,13,5,1,0,0,0
9,11,2,1,0,137,0,0,2,6,7,8,1,0,1,2,0
9,0,2,1,0,21,0,0,2,15,0,9,2,0,1,1,0
9,7,2,2,0,30,0,0,0,17,5,16,4,1,0,0,0
9,9,1,1,0,21,0,0,2,7,7,39,2,1,0,0,0
9,3,2,3,0,17,1,0,2,7,8,20,1,1,0,0,0
9,7,2,1,0,8,1,0,0,13,4,45,2,1,0,0,0
9,7,0,1,0,8,1,0,0,2,5,67,5,1,0,0,0
9,9,0,2,0,47,1,0,2,23,6,65,2,1,0,0,0
9,0,1,1,0,-4,1,0,2,15,4,33,1,1,0,0,0
9,3,2,3,0,0,0,0,2,28,7,23,10,1,0,0,0
9,7,0,1,0,8,1,0,1,9,6,69,2,1,0,0,0
9,7,0,2,0,1,0,0,0,28,4,9,8,1,0,0,0
9,3,2,3,0,0,1,0,2,24,6,7,1,1,0,0,0
9,11,0,1,0,41,1,1,2,10,6,22,1,1,0,0,0
9,7,2,1,0,13,0,1,2,8,6,81,3,1,0,0,0
9,10,1,1,0,0,1,0,2,11,1,28,3,1,0,0,0
9,7,0,2,0,17,0,0,2,13,7,15,6,1,0,0,0
9,11,0,1,0,-7,0,1,2,4,1,4,1,1,0,0,0
9,7,0,1,0,-1,0,0,2,21,7,8,8,1,0,0,0
9,3,0,3,0,0,1,0,0,20,4,20,1,1,0,0,0
9,0,2,3,0,0,0,0,2,5,2,16,2,1,0,0,0
9,3,0,3,0,40,0,0,2,28,7,10,12,1,0,0,0
9,3,0,2,0,4,1,0,0,9,4,8,4,1,0,0,0
9,7,0,1,0,162,1,0,2,17,3,24,1,1,0,0,0
9,3,0,3,0,4,1,0,2,19,10,13,1,1,0,0,0
9,4,2,2,0,115,1,0,0,15,4,5,2,1,0,0,0
9,3,0,3,0,7,1,0,2,3,7,65,2,1,0,0,0
9,4,0,1,0,21,0,1,2,30,6,7,4,1,0,0,0
9,7,0,2,0,-11,1,0,0,2,5,17,1,1,0,0,0
9,7,0,3,0,156,1,0,0,12,4,7,2,1,0,0,0
9,5,1,1,0,0,0,0,0,5,5,2,1,1,0,0,0
9,7,2,1,0,9,1,0,0,4,5,63,1,1,0,0,0
9,7,0,2,0,2,0,0,2,14,7,10,3,1,0,0,0
9,7,0,1,0,-6,1,0,2,17,3,57,1,0,1,2,0
9,3,2,3,0,0,1,0,0,6,5,5,3,1,0,0,0
9,11,0,2,0,5,0,0,0,16,5,11,2,1,0,0,0
9,7,0,1,0,0,0,0,0,27,4,3,6,1,0,0,0
9,8,1,3,0,25,0,0,1,9,1,14,3,1,0,0,0
9,11,0,1,0,0,1,0,2,29,0,57,1,1,0,0,0
9,3,2,3,0,12,0,0,1,31,6,3,2,1,0,0,0
9,11,2,1,0,7,0,0,1,25,6,16,1,1,0,0,0
9,3,2,3,0,0,0,0,2,29,7,66,6,1,0,0,0
9,10,2,1,0,0,0,1,2,8,6,63,1,1,0,0,0
9,10,2,1,0,10,1,0,2,16,3,22,2,1,0,0,0
9,4,1,2,0,45,1,0,2,24,6,13,1,1,0,0,0
9,3,0,3,0,0,1,0,2,29,0,8,1,0,1,1,0
9,9,1,1,0,96,0,0,2,14,7,41,1,1,0,0,0
9,10,0,1,0,49,1,0,2,6,4,18,8,1,0,0,0
9,9,2,1,0,69,0,0,0,5,5,29,1,1,0,0,0
9,7,1,2,0,1,1,0,0,8,4,1,3,1,0,0,0
9,6,2,1,0,20,1,0,2,18,4,6,1,1,0,0,0
9,6,2,0,0,3,0,0,2,24,8,6,3,1,0,0,0
9,7,0,2,0,31,1,0,0,12,4,11,3,1,0,0,0
9,11,2,1,0,35,0,0,0,18,5,5,2,1,0,0,0
9,10,0,1,1,-7,0,1,2,7,6,8,4,1,0,0,0
9,10,1,3,0,0,1,0,0,15,4,75,1,1,0,0,0
9,11,0,1,0,10,0,0,0,9,5,6,1,1,0,0,0
9,3,0,3,0,33,0,0,2,4,7,64,1,1,0,0,0
9,3,1,3,0,3,0,0,2,18,6,14,1,1,0,0,0
9,7,0,1,0,15,1,0,2,13,4,8,2,1,0,0,0
9,3,0,3,0,26,0,0,2,8,1,18,2,0,1,2,0
9,0,0,1,0,2,1,1,2,13,4,33,3,0,1,1,0
9,2,0,3,0,48,0,0,2,24,7,8,2,1,0,0,0
9,2,2,3,0,1,1,1,2,2,1,7,1,0,1,2,0
9,7,1,2,0,7,0,0,2,25,6,4,2,1,0,0,0
9,10,1,1,0,7,1,0,2,28,0,7,1,0,1,2,0
9,0,2,1,0,26,1,0,0,8,4,2,1,1,0,0,0
9,10,2,3,0,46,0,0,2,10,7,26,1,0,1,2,0
9,9,0,2,0,17,1,0,0,15,4,6,7,1,0,0,0
9,9,0,1,0,7,0,0,2,19,7,27,2,1,0,0,0
9,5,0,1,0,11,0,0,0,11,5,14,4,1,0,0,0
9,11,0,2,0,58,1,0,2,14,4,46,1,1,0,0,0
9,11,2,1,0,6,1,0,2,18,10,12,1,0,1,2,0
9,9,1,2,0,18,0,0,2,27,8,18,2,0,1,1,0
9,3,2,3,0,0,0,0,2,26,7,5,7,1,0,0,0
9,10,0,1,0,22,1,0,2,19,7,8,8,1,0,0,0
9,7,0,2,0,25,1,0,2,14,4,14,3,0,1,2,0
9,7,0,1,0,28,0,0,0,6,5,39,4,1,0,0,0
9,3,0,2,0,15,0,0,0,9,5,1,5,1,0,0,0
9,7,0,1,0,15,1,0,2,12,4,33,1,1,0,0,0
9,5,0,1,0,1,1,0,0,7,4,25,1,1,0,0,0
9,11,0,1,0,-1,1,1,0,30,4,4,2,1,0,0,0
9,9,0,1,0,16,0,0,2,16,6,48,3,1,0,0,0
9,10,0,1,0,19,1,0,2,25,4,36,5,1,0,0,0
9,3,0,3,0,-13,1,0,2,17,6,10,1,1,0,0,0
9,10,0,3,0,14,0,1,2,31,6,4,29,1,0,0,0
9,7,0,1,0,-9,1,0,0,18,5,14,2,1,0,0,0
9,11,1,1,0,-2,1,0,0,7,4,21,3,1,0,0,0
9,3,2,1,0,32,1,0,2,18,4,9,2,0,1,2,0
9,7,0,2,0,-7,1,0,0,27,4,26,1,1,0,0,0
9,10,1,3,0,16,1,0,0,28,4,46,3,1,0,0,0
9,11,0,2,0,-2,1,1,2,21,10,9,2,1,0,0,0
9,3,0,2,0,30,0,0,2,29,0,16,2,1,0,0,0
9,3,0,3,0,3,0,0,0,14,4,52,2,1,0,0,0
9,10,1,1,1,-7,0,1,0,9,4,10,1,1,0,0,0
9,9,0,1,0,2,0,0,2,7,6,11,2,1,0,0,0
9,10,0,1,0,4,1,0,2,18,7,19,8,1,0,0,0
9,11,1,1,0,18,0,0,2,2,5,13,1,0,1,2,0
9,11,0,3,0,1,1,1,0,16,4,28,2,1,0,0,0
9,7,0,1,0,-2,1,1,0,28,4,15,2,1,0,0,0
9,4,0,2,0,0,0,0,2,4,1,17,3,1,0,0,0
9,9,0,2,0,30,1,0,0,14,4,93,1,1,0,0,0
9,7,0,1,0,3,1,0,0,17,5,17,1,1,0,0,0
9,4,0,1,0,39,0,1,2,28,6,43,4,1,0,0,0
9,9,1,1,0,4,1,0,2,29,0,15,2,0,1,2,0
9,3,0,3,0,11,0,0,2,31,6,4,2,1,0,0,0
9,7,2,2,0,94,1,0,2,18,4,35,3,1,0,0,0
9,1,0,1,0,54,0,0,2,6,7,20,3,1,0,0,0
9,3,2,3,0,10,0,0,2,25,6,1,2,1,0,0,0
9,3,0,3,0,44,1,0,0,26,4,9,4,1,0,0,0
9,10,2,3,0,125,0,0,2,14,7,16,8,1,0,0,0
9,9,1,2,0,4,0,0,1,22,9,9,1,1,0,0,0
9,10,0,0,0,5,1,0,0,8,4,69,1,1,0,0,0
9,11,0,1,0,21,1,1,2,19,10,35,1,1,0,0,0
9,3,0,3,0,179,1,0,2,29,6,18,3,1,0,0,0
9,3,0,3,0,3,1,0,2,10,6,49,1,1,0,0,0
9,7,0,2,0,11,1,1,2,18,10,13,2,1,0,0,0
9,9,1,2,0,17,0,0,2,16,8,22,1,0,1,2,0
9,10,1,1,0,1,0,0,0,5,4,14,1,1,0,0,0
9,7,0,1,0,3,1,0,2,5,1,6,1,1,0,0,0
9,9,0,1,0,75,0,0,1,16,9,18,1,0,1,2,0
9,0,2,1,0,0,1,0,2,14,6,8,2,1,0,0,0
9,10,1,3,0,28,1,0,2,15,6,34,4,1,0,0,0
9,3,0,3,0,0,0,0,2,21,7,14,2,1,0,0,0
9,7,0,0,0,-1,1,0,0,15,4,31,7,1,0,0,0
9,3,1,3,0,6,0,0,2,12,7,7,2,1,0,0,0
9,7,2,1,0,99,1,0,2,14,4,45,1,0,1,2,0
9,11,0,1,0,33,1,0,2,3,1,14,3,0,1,2,0
9,11,0,1,0,12,1,1,2,15,4,29,2,1,0,0,0
9,0,0,1,0,-8,1,0,2,7,6,10,4,1,0,0,0
9,11,2,3,0,70,1,0,0,29,4,44,4,1,0,0,0
9,3,2,3,0,27,0,0,2,23,6,17,2,1,0,0,0
9,10,0,1,0,40,1,0,2,4,4,53,3,1,0,0,0
9,8,0,3,0,3,1,0,0,6,5,10,2,1,0,0,0
9,0,1,3,0,5,0,0,2,30,0,6,2,0,1,1,0
9,7,0,2,1,-7,1,1,0,4,5,29,3,1,0,0,0
9,4,1,2,0,0,1,1,2,21,10,15,7,1,0,0,0
9,8,0,3,0,39,1,0,2,23,6,6,2,1,0,0,0
9,3,0,3,0,55,0,0,2,24,11,23,1,0,1,2,0
9,7,0,1,0,4,0,0,0,26,4,43,3,1,0,0,0
9,7,0,1,0,-2,1,0,0,20,4,17,1,1,0,0,0
9,0,0,1,0,12,1,0,0,13,4,31,3,1,0,0,0
9,2,2,3,0,1,1,1,0,26,4,37,1,1,0,0,0
9,3,0,2,0,37,1,0,2,17,6,6,6,1,0,0,0
9,11,0,1,1,-1,0,0,2,6,7,15,2,1,0,0,0
9,0,0,1,0,64,1,1,2,24,6,22,3,1,0,0,0
9,7,0,2,0,112,1,0,0,21,4,29,1,1,0,0,0
9,0,2,1,0,8,0,0,2,30,3,6,1,1,0,0,0
9,0,0,1,0,1,1,0,2,15,6,6,3,1,0,0,0
9,11,0,3,0,1,0,0,0,6,4,26,3,1,0,0,0
9,0,0,1,0,30,0,0,2,8,6,9,3,1,0,0,0
9,4,0,1,0,14,1,0,2,16,3,26,1,0,1,2,0
9,10,2,1,0,34,1,0,0,16,4,78,1,1,0,0,0
9,7,0,1,0,17,0,0,2,29,7,33,2,1,0,0,0
9,7,0,2,0,57,1,0,2,18,10,14,2,1,0,0,0
9,3,2,3,0,24,1,0,0,21,4,5,3,1,0,0,0
9,8,0,3,0,11,1,0,2,18,7,30,3,1,0,0,0
9,11,0,2,0,47,1,0,2,7,4,22,2,1,0,0,0
9,7,2,1,0,1,1,1,0,21,4,17,2,1,0,0,0
9,10,2,1,1,-11,1,0,0,23,4,38,2,1,0,0,0
9,3,0,1,0,-9,1,1,2,12,4,39,1,1,0,0,0
9,10,0,1,0,3,0,0,2,22,6,36,1,1,0,0,0
9,10,2,3,0,81,0,0,2,3,1,17,1,0,1,1,0
9,7,2,1,0,18,1,0,0,3,5,15,1,1,0,0,0
9,10,2,1,0,0,0,0,2,19,7,2,17,1,0,0,0
9,3,0,3,0,149,0,0,2,23,8,14,1,0,1,2,0
9,7,1,1,0,29,1,0,2,15,4,14,1,0,1,2,0
9,8,2,1,0,19,1,0,2,19,10,22,2,1,0,0,0
9,2,0,3,0,0,0,0,2,30,0,8,1,1,0,0,0
9,6,2,3,0,4,1,0,2,15,4,17,1,1,0,0,0
9,0,2,1,0,7,0,0,0,6,4,18,2,1,0,0,0
9,10,2,1,0,4,0,0,2,1,3,17,1,0,1,2,0
9,10,0,1,0,10,0,0,2,25,7,6,6,1,0,0,0
9,7,0,1,0,6,1,1,0,15,4,15,2,1,0,0,0
9,4,0,2,0,15,0,0,0,19,5,29,1,1,0,0,0
9,0,0,1,0,64,1,0,2,21,6,22,3,1,0,0,0
9,11,1,1,0,40,1,0,2,19,10,24,1,1,0,0,0
9,0,0,1,0,150,1,0,2,14,6,24,3,1,0,0,0
9,3,2,3,0,0,0,0,2,22,7,20,4,1,0,0,0
9,0,2,1,0,29,1,0,2,18,4,29,1,0,1,2,0
9,10,0,1,0,0,1,1,0,30,4,20,2,1,0,0,0
9,5,0,1,0,16,1,0,0,19,4,6,2,1,0,0,0
9,6,2,0,0,15,0,0,2,1,3,18,4,1,0,0,0
9,0,2,1,0,36,1,0,2,4,4,9,2,1,0,0,0
9,5,0,2,0,6,1,0,1,8,4,1,9,1,0,0,0
9,10,0,1,0,1,1,1,2,5,4,23,1,0,1,2,0
9,7,0,1,0,0,1,1,0,20,4,10,1,1,0,0,0
9,9,1,1,0,14,0,0,2,5,6,18,1,1,0,0,0
9,3,0,3,0,6,0,0,1,30,6,30,5,1,0,0,0
9,0,0,1,0,62,1,0,2,30,11,11,3,0,1,2,0
9,2,0,1,0,48,1,0,2,4,1,10,1,1,0,0,0
9,11,0,1,0,33,0,0,2,19,7,20,5,1,0,0,0
9,10,0,1,1,5,0,1,2,17,10,19,2,1,0,0,0
9,4,0,3,0,1,1,1,0,7,4,10,1,1,0,0,0
9,8,2,3,0,0,1,0,2,3,2,32,1,1,0,0,0
9,3,0,3,0,152,0,0,2,21,7,71,5,1,0,0,0
9,6,0,1,0,16,1,0,1,2,10,22,5,0,1,1,0
9,11,2,1,0,0,0,1,2,21,6,14,4,1,0,0,0
9,7,0,2,0,32,0,0,2,21,10,52,3,1,0,0,0
9,11,0,2,0,0,0,1,2,31,6,15,8,1,0,0,0
9,7,0,2,0,11,1,0,2,11,4,28,1,1,0,0,0
9,0,0,1,0,51,0,1,2,5,7,12,3,1,0,0,0
9,7,0,1,0,4,0,1,2,22,6,51,1,1,0,0,0
9,7,0,1,0,3,1,0,0,5,5,20,1,1,0,0,0
9,7,2,1,0,-6,0,1,0,2,6,95,3,1,0,0,0
9,3,2,3,0,179,1,0,2,21,10,11,2,1,0,0,0
9,7,0,2,0,35,1,0,2,20,10,10,1,1,0,0,0
9,7,0,1,0,7,1,1,0,23,4,28,1,1,0,0,0
9,10,0,1,0,0,1,1,1,2,1,11,2,0,1,2,0
9,10,0,3,0,59,1,0,2,17,6,11,1,1,0,0,0
9,3,0,1,0,4,0,0,2,30,3,8,1,1,0,0,0
9,11,1,1,0,-2,0,1,2,23,6,18,1,1,0,0,0
9,10,2,1,1,-7,0,1,2,18,10,3,1,0,1,2,0
9,0,0,1,0,19,1,0,0,13,4,39,1,1,0,0,0
9,0,0,1,0,1,0,1,0,5,4,2,1,1,0,0,0
9,2,0,2,0,3,1,1,0,27,4,6,2,1,0,0,0
9,10,2,3,0,0,1,0,0,6,4,18,3,1,0,0,0
9,8,1,3,0,14,1,1,2,31,6,1,20,1,0,0,0
9,10,2,1,0,0,1,0,0,12,4,18,1,1,0,0,0
9,0,2,1,0,6,1,0,0,16,4,46,1,1,0,0,0
9,10,0,1,0,1,1,1,0,14,4,20,5,1,0,0,0
9,0,0,1,0,22,1,1,0,16,5,40,2,1,0,0,0
9,9,0,3,0,24,1,1,0,16,5,33,2,1,0,0,0
9,0,0,1,0,-8,1,0,0,27,4,9,1,1,0,0,0
9,3,1,3,0,-14,1,1,0,27,4,18,1,1,0,0,0
9,8,0,1,0,3,0,0,2,9,6,6,1,1,0,0,0
9,3,0,3,0,179,0,0,2,19,10,15,2,1,0,0,0
9,10,0,1,0,-4,0,0,2,28,0,69,2,0,1,2,0
9,0,0,1,0,1,0,0,2,19,7,22,2,1,0,0,0
9,3,0,3,0,9,1,0,2,7,7,20,5,1,0,0,0
9,7,0,1,0,14,1,0,2,20,3,40,5,0,1,2,0
9,0,0,3,0,5,1,0,2,6,4,25,1,0,1,2,0
9,11,0,1,1,-5,0,0,2,29,6,23,5,1,0,0,0
9,7,1,1,0,-7,1,0,2,30,0,11,3,0,1,2,0
9,10,0,1,0,0,1,0,2,17,10,9,1,1,0,0,0
9,4,0,2,0,55,0,0,2,11,7,61,4,1,0,0,0
9,0,2,1,0,53,1,0,2,20,10,25,1,1,0,0,0
9,7,0,2,0,5,1,0,2,18,6,16,2,1,0,0,0
9,10,2,1,0,0,0,0,2,5,7,15,1,1,0,0,0
9,10,1,1,0,0,1,1,2,29,7,27,2,1,0,0,0
9,9,0,2,0,37,0,0,1,14,3,56,2,1,0,0,0
9,3,0,3,0,179,0,0,2,19,6,56,7,1,0,0,0
9,7,0,1,0,-9,0,0,2,27,7,1,20,1,0,0,0
9,11,2,1,0,7,0,1,2,9,6,19,1,1,0,0,0
9,10,0,3,0,10,1,0,0,26,4,41,2,1,0,0,0
9,5,0,1,0,8,1,0,0,30,4,39,2,1,0,0,0
9,7,0,1,0,3,1,0,0,29,4,13,1,1,0,0,0
9,3,2,3,0,0,0,0,2,31,6,5,2,1,0,0,0
9,0,2,1,0,13,1,0,0,30,4,13,8,1,0,0,0
9,7,0,1,0,52,1,0,0,18,5,9,1,1,0,0,0
9,3,2,3,0,-5,1,0,2,18,4,12,1,1,0,0,0
9,7,0,2,1,-2,1,0,2,20,10,18,2,1,0,0,0
9,0,2,1,0,0,1,1,2,13,7,20,1,0,1,2,0
9,10,2,1,0,2,0,0,2,22,7,11,2,1,0,0,0
9,3,0,3,0,0,1,1,2,17,6,30,1,1,0,0,0
9,2,0,3,0,11,0,0,2,21,10,16,2,1,0,0,0
9,3,2,3,0,13,0,0,2,4,1,20,1,1,0,0,0
9,1,0,0,0,23,0,0,2,11,7,40,3,1,0,0,0
9,9,0,1,0,1,0,0,2,27,7,9,2,1,0,0,0
9,2,0,1,0,16,0,0,0,17,5,29,3,1,0,0,0
9,7,0,1,0,17,1,0,2,16,3,34,1,1,0,0,0
9,11,0,2,0,-4,0,1,2,28,6,7,4,1,0,0,0
9,10,2,1,0,6,0,0,2,13,7,9,1,1,0,0,0
9,7,0,2,1,-9,0,0,0,4,5,13,2,1,0,0,0
9,3,0,3,1,-20,1,0,0,28,4,33,2,1,0,0,0
9,0,1,1,0,17,1,0,2,14,4,10,1,0,1,2,0
9,3,0,3,0,124,0,0,0,20,5,4,10,1,0,0,0
9,0,1,1,0,36,0,0,0,13,4,52,1,1,0,0,0
9,3,0,3,0,6,1,0,0,15,4,12,2,1,0,0,0
9,3,2,1,0,6,1,0,0,20,5,2,13,1,0,0,0
9,10,2,1,0,-2,1,0,2,15,4,7,1,0,1,2,0
9,9,1,1,1,-4,0,1,0,6,5,16,1,1,0,0,0
9,10,1,1,0,32,0,0,2,28,7,11,2,0,1,3,0
9,3,0,3,0,0,1,0,2,31,6,4,5,1,0,0,0
9,2,0,3,0,21,0,0,2,4,1,7,2,1,0,0,0
9,3,2,1,0,-11,0,1,2,29,6,9,8,1,0,0,0
9,2,2,2,0,24,0,0,2,29,0,68,1,1,0,0,0
9,10,2,1,0,2,0,0,2,8,7,22,2,1,0,0,0
9,7,1,1,0,0,0,1,2,15,6,23,4,1,0,0,0
9,11,0,1,0,5,1,0,2,2,1,6,1,0,1,2,0
9,7,0,1,0,17,0,0,0,16,5,2,5,1,0,0,0
9,11,2,1,0,2,1,0,0,3,5,15,4,1,0,0,0
9,10,2,1,0,15,1,0,0,28,4,8,1,1,0,0,0
9,10,0,1,0,21,0,1,2,27,7,17,10,1,0,0,0
9,8,1,3,0,0,0,0,2,8,7,3,2,1,0,0,0
9,0,1,1,0,-13,1,0,2,8,4,32,2,0,1,2,0
9,9,0,2,0,115,0,0,0,17,5,9,1,1,0,0,0
9,0,0,1,0,1,1,0,2,14,4,5,1,0,1,2,0
9,6,2,0,0,7,0,0,0,18,5,35,2,1,0,0,0
9,5,0,2,0,3,0,0,2,11,4,22,2,0,1,2,0
9,7,0,1,0,54,1,1,0,14,4,4,1,1,0,0,0
9,3,0,0,0,1,0,0,2,4,7,32,1,1,0,0,0
9,7,2,2,0,0,1,1,2,11,4,11,2,1,0,0,0
9,9,0,3,0,51,1,0,2,11,7,13,3,0,1,3,0
9,9,1,2,0,1,0,0,0,19,5,18,3,1,0,0,0
9,11,2,3,0,9,0,0,2,20,10,14,1,1,0,0,0
9,3,0,3,0,0,1,0,2,21,10,18,1,0,1,1,0
9,0,0,1,0,0,1,0,2,21,6,9,7,1,0,0,0
9,2,0,2,0,0,1,0,1,28,0,17,1,1,0,0,0
9,10,2,1,0,4,1,1,2,15,4,22,1,1,0,0,0
9,0,2,1,0,1,1,0,2,18,4,17,1,1,0,0,0
9,0,0,1,0,47,1,0,0,15,4,30,1,1,0,0,0
9,7,0,2,0,12,1,0,0,29,4,5,1,1,0,0,0
9,4,0,3,1,-20,1,0,0,16,5,50,1,1,0,0,0
9,11,1,1,0,20,0,0,2,29,6,8,6,1,0,0,0
9,7,0,2,0,65,0,0,0,9,5,55,2,1,0,0,0
9,0,2,1,0,11,1,0,2,29,0,6,1,1,0,0,0
9,3,1,3,0,-17,1,0,2,7,7,13,3,1,0,0,0
9,7,0,2,0,30,1,1,2,18,4,22,2,1,0,0,0
9,0,0,1,0,46,0,0,2,21,10,4,1,0,1,2,0
9,9,0,2,0,8,0,0,1,2,1,91,1,1,0,0,0
9,3,0,3,0,1,1,0,2,2,1,16,3,0,1,1,0
9,5,0,3,0,34,0,0,2,7,6,57,2,1,0,0,0
9,7,0,1,0,6,1,0,0,2,5,46,1,1,0,0,0
9,0,0,1,0,0,0,0,0,5,5,7,1,1,0,0,0
9,7,0,2,0,10,1,0,0,23,4,12,6,1,0,0,0
9,0,2,1,0,-3,1,0,2,16,3,27,1,0,1,1,0
9,0,0,1,0,43,0,0,0,6,5,3,3,1,0,0,0
9,4,1,2,0,12,0,0,1,29,6,11,7,1,0,0,0
9,11,0,1,0,5,1,1,2,4,6,6,1,1,0,0,0
9,7,0,1,0,8,0,0,2,29,0,33,2,1,0,0,0
9,5,0,3,0,7,1,0,0,16,5,14,2,1,0,0,0
9,3,0,3,0,17,1,0,2,17,3,81,2,0,1,2,0
9,0,2,1,0,1,0,0,2,18,6,15,3,1,0,0,0
9,3,2,3,0,26,0,1,2,20,10,9,3,1,0,0,0
9,3,1,1,0,22,1,0,2,16,3,12,1,1,0,0,0
9,7,2,1,0,-2,1,0,0,14,4,16,3,1,0,0,0
9,11,2,1,0,7,1,0,2,13,4,25,4,1,0,0,0
9,7,0,2,0,8,0,0,2,7,6,11,3,1,0,0,0
9,3,2,1,0,38,0,1,2,8,6,7,1,1,0,0,0
9,11,1,1,0,12,1,0,2,14,4,9,3,1,0,0,0
9,5,0,3,0,1,0,0,2,18,10,11,2,1,0,0,0
9,11,0,1,0,1,1,1,0,9,4,15,1,1,0,0,0
9,10,0,1,0,0,1,1,0,6,4,12,1,1,0,0,0
9,11,0,1,0,21,1,0,2,5,1,15,1,0,1,2,0
9,7,2,1,0,71,1,1,2,20,10,34,2,1,0,0,0
9,7,2,2,0,6,1,0,0,8,4,10,1,1,0,0,0
9,11,0,2,0,49,0,1,0,19,5,20,2,1,0,0,0
9,3,0,3,0,38,1,0,0,13,4,68,2,1,0,0,0
9,7,0,1,0,0,1,1,2,19,10,5,2,1,0,0,0
9,9,1,1,0,11,0,1,2,8,6,9,1,1,0,0,0
9,4,1,2,0,27,0,0,2,28,0,8,3,0,1,2,0
9,0,2,1,0,16,0,0,2,30,0,7,1,0,1,1,0
9,4,0,2,0,74,0,0,0,17,5,20,3,1,0,0,0
9,3,0,3,0,3,1,0,2,20,10,4,1,1,0,0,0
9,4,0,2,0,0,1,0,0,20,4,9,1,1,0,0,0
9,10,2,3,0,17,1,0,0,23,4,21,4,1,0,0,0
9,3,0,3,0,4,1,0,2,17,10,7,3,1,0,0,0
9,10,2,3,0,-1,1,0,0,19,4,25,1,1,0,0,0
9,10,0,3,0,135,0,0,2,12,7,29,1,1,0,0,0
9,8,0,1,0,0,1,0,0,15,4,27,9,1,0,0,0
9,9,0,3,0,43,0,0,2,15,5,31,3,1,0,0,0
9,3,0,3,1,-10,1,0,2,19,10,27,1,1,0,0,0
9,3,0,3,0,2,0,1,1,25,6,4,6,1,0,0,0
9,11,0,1,0,10,1,0,2,29,6,13,2,1,0,0,0
9,7,0,1,0,8,0,0,2,4,1,14,1,1,0,0,0
9,7,0,2,0,13,0,0,0,8,4,23,1,1,0,0,0
9,0,2,1,1,-3,0,1,2,8,6,9,2,1,0,0,0
9,7,0,1,0,4,0,0,1,8,6,10,3,1,0,0,0
9,9,1,1,0,62,0,0,1,7,9,8,1,1,0,0,0
9,7,0,1,0,13,1,0,0,27,4,2,1,1,0,0,0
9,11,2,1,0,10,1,1,0,5,5,7,3,1,0,0,0
9,11,0,1,0,48,1,0,0,19,4,21,3,1,0,0,0
9,11,0,1,0,22,0,0,2,17,10,28,1,1,0,0,0
9,11,0,1,0,8,1,0,2,2,1,19,2,1,0,0,0
9,3,2,1,0,105,1,0,2,18,10,5,1,0,1,2,0
9,9,0,3,0,20,0,1,2,8,6,20,1,1,0,0,0
9,10,2,3,0,9,1,0,2,20,3,6,3,1,0,0,0
9,7,0,2,0,61,1,0,0,26,4,9,4,1,0,0,0
9,7,0,2,0,-7,1,0,0,23,4,9,3,1,0,0,0
9,7,0,1,0,2,1,0,2,13,4,11,2,0,1,2,0
9,5,0,2,0,35,1,0,0,30,4,39,3,1,0,0,0
9,3,0,3,0,105,0,1,2,8,6,20,9,1,0,0,0
9,0,1,1,0,19,0,0,2,30,0,30,2,1,0,0,0
9,0,0,3,0,16,1,0,2,6,4,20,2,0,1,2,0
9,7,0,1,0,1,1,0,2,15,4,33,1,1,0,0,0
9,3,0,3,0,24,1,0,2,28,6,7,6,1,0,0,0
9,11,0,1,0,5,1,0,2,19,10,21,2,1,0,0,0
9,7,0,1,0,-2,1,1,2,7,4,5,5,1,0,0,0
9,0,0,2,0,17,1,0,2,30,0,12,5,0,1,2,0
9,3,2,3,0,5,0,0,2,9,1,1,5,1,0,0,0
9,11,2,1,0,6,1,0,2,6,4,24,2,0,1,2,0
9,11,2,1,0,15,0,0,0,20,5,0,13,1,0,0,0
9,4,0,2,0,6,0,0,2,8,7,1,7,1,0,0,0
9,7,0,1,0,1,1,0,2,14,4,44,2,0,1,2,0
9,3,0,3,0,-1,1,0,0,30,4,11,6,1,0,0,0
9,10,0,1,0,2,0,0,0,20,5,40,22,1,0,0,0
9,3,0,3,0,10,1,0,0,16,4,13,1,1,0,0,0
9,11,0,1,0,-20,0,1,0,25,5,15,1,1,0,0,0
9,8,0,3,0,2,0,0,2,18,10,15,2,0,1,2,0
9,4,0,2,0,11,0,1,2,4,1,17,2,1,0,0,0
9,7,0,1,0,4,1,1,2,28,6,23,5,1,0,0,0
9,6,2,1,0,19,0,0,0,21,7,1,1,0,1,1,0
9,11,2,0,0,122,1,0,2,31,6,7,13,1,0,0,0
9,3,0,3,0,64,1,0,0,5,4,23,3,1,0,0,0
9,9,0,1,0,-1,1,0,0,2,5,4,1,1,0,0,0
9,11,0,1,0,11,1,0,0,15,4,99,3,1,0,0,0
9,8,0,1,1,0,0,0,2,21,7,33,2,1,0,0,0
9,3,0,1,0,0,1,0,2,4,4,10,3,1,0,0,0
9,4,2,2,1,-20,1,1,2,21,6,22,1,1,0,0,0
9,11,0,1,0,59,0,0,2,6,7,83,2,1,0,0,0
9,7,0,2,0,47,0,0,2,11,7,31,2,1,0,0,0
9,8,0,3,0,78,1,0,0,3,5,7,4,1,0,0,0
9,10,2,3,0,5,1,0,0,3,5,27,2,1,0,0,0
9,0,2,1,0,11,1,0,2,25,4,9,3,0,1,2,0
9,0,2,1,0,76,0,0,0,6,5,8,5,1,0,0,0
9,10,1,1,0,9,0,1,2,11,7,26,3,1,0,0,0
9,11,1,1,0,0,0,0,2,29,0,8,1,1,0,0,0
9,7,0,2,0,11,1,0,0,8,4,17,2,1,0,0,0
9,3,2,3,0,-6,1,0,2,11,7,11,2,1,0,0,0
9,11,0,1,0,6,1,1,2,3,1,0,8,1,0,0,0
9,7,0,2,0,7,1,0,2,17,3,20,1,1,0,0,0
9,10,0,1,0,12,1,0,0,4,5,14,2,1,0,0,0
9,11,2,2,0,1,1,0,2,17,6,6,11,1,0,0,0
9,7,0,1,0,13,0,0,2,20,10,5,2,1,0,0,0
9,7,0,1,0,-5,1,0,0,7,4,38,1,1,0,0,0
9,10,2,1,0,0,0,0,1,29,7,8,2,1,0,0,0
9,7,0,2,0,17,0,1,0,19,4,1,5,1,0,0,0
9,3,0,0,0,92,0,0,2,17,7,34,1,1,0,0,0
9,9,0,1,0,5,0,0,2,4,7,14,1,1,0,0,0
9,11,0,1,0,13,0,0,2,11,7,31,2,1,0,0,0
9,3,1,3,0,179,0,0,2,20,10,8,2,1,0,0,0
9,5,1,1,0,-19,1,0,2,18,10,5,1,1,0,0,0
9,5,2,2,0,42,1,0,2,19,10,10,1,1,0,0,0
9,7,0,2,0,82,0,1,0,16,5,7,5,1,0,0,0
9,0,2,1,0,-1,1,0,0,13,4,16,4,1,0,0,0
9,7,0,1,0,0,1,0,2,25,6,23,8,1,0,0,0
9,10,0,3,0,10,1,0,2,5,1,11,2,1,0,0,0
9,3,0,3,0,2,1,1,2,18,10,17,2,1,0,0,0
9,0,2,1,0,32,0,0,2,27,4,20,2,1,0,0,0
9,3,2,3,0,0,0,0,0,11,5,3,1,1,0,0,0
9,7,0,2,1,0,1,0,0,27,4,15,2,1,0,0,0
9,7,0,1,0,107,1,0,1,3,1,22,2,1,0,0,0
9,5,1,1,0,0,0,1,2,30,0,25,2,0,1,1,0
9,3,1,3,0,0,1,1,2,19,7,27,8,1,0,0,0
9,4,1,2,0,10,1,0,1,14,4,2,3,1,0,0,0
9,11,1,1,0,-16,1,0,0,28,4,10,1,1,0,0,0
9,0,0,3,0,-15,0,0,2,15,4,20,3,1,0,0,0
9,3,0,0,0,11,0,0,2,28,0,27,2,1,0,0,0
9,8,0,3,0,10,1,0,2,21,6,50,1,1,0,0,0
9,3,0,0,0,1,1,0,0,16,4,29,7,1,0,0,0
9,9,0,1,0,73,1,1,0,16,4,17,2,1,0,0,0
9,2,0,3,0,0,0,0,2,8,7,20,6,1,0,0,0
9,8,2,1,0,32,1,0,0,15,4,6,4,1,0,0,0
9,8,2,1,0,25,0,0,2,25,6,18,2,1,0,0,0
9,3,2,1,0,22,0,0,0,17,5,2,1,1,0,0,0
9,11,0,1,0,99,1,0,2,14,4,29,4,0,1,1,0
9,7,0,1,0,6,0,0,0,12,4,59,2,1,0,0,0
9,10,1,3,0,0,0,0,2,18,6,45,1,1,0,0,0
9,7,0,1,0,31,0,0,0,21,4,20,6,1,0,0,0
9,9,0,2,0,1,0,0,2,14,7,21,4,1,0,0,0
9,7,1,1,0,0,1,0,2,5,4,15,1,1,0,0,0
9,3,2,0,0,12,0,0,2,2,1,23,2,1,0,0,0
9,3,2,3,0,15,0,0,1,18,4,5,9,1,0,0,0
9,0,0,1,0,179,0,0,2,9,10,17,1,1,0,0,0
9,3,0,3,0,35,0,0,2,18,7,7,2,1,0,0,0
9,10,0,1,0,0,1,0,2,8,6,29,1,1,0,0,0
9,3,0,1,0,57,1,1,2,12,4,17,1,0,1,2,0
9,7,2,2,0,-1,0,0,0,10,9,0,1,1,0,0,0
9,3,0,2,0,47,1,0,2,17,3,3,1,1,0,0,0
9,7,0,1,0,11,1,0,2,13,4,15,2,0,1,2,0
9,3,1,3,0,129,1,0,2,31,2,68,4,1,0,0,0
9,10,0,1,0,2,0,0,0,16,5,58,3,1,0,0,0
9,10,0,1,0,10,1,0,2,2,3,59,2,0,1,2,0
9,10,0,1,0,2,1,0,0,29,4,15,2,1,0,0,0
9,10,2,1,0,1,1,0,2,18,4,18,1,1,0,0,0
9,3,0,3,0,9,1,0,0,14,4,73,2,1,0,0,0
9,11,2,1,0,82,0,0,2,4,1,67,2,1,0,0,0
9,7,2,1,0,160,1,0,2,13,4,17,2,1,0,0,0
9,7,0,1,0,11,0,1,2,19,10,13,1,0,1,2,0
9,0,2,1,0,4,0,0,2,5,1,60,2,1,0,0,0
9,11,2,1,0,38,0,0,2,29,8,27,1,1,0,0,0
9,11,0,1,0,0,1,0,2,11,6,18,2,1,0,0,0
9,11,1,1,0,11,1,0,2,11,4,15,1,1,0,0,0
9,0,0,1,0,5,1,0,2,2,1,11,3,0,1,2,0
9,9,0,2,0,-4,1,0,0,3,5,39,2,1,0,0,0
9,8,2,1,0,2,1,0,0,23,4,40,14,1,0,0,0
9,3,1,3,0,179,0,0,2,23,6,19,1,1,0,0,0
9,0,2,1,0,0,0,0,0,28,4,1,13,1,0,0,0
9,3,0,3,0,29,1,0,2,18,4,14,1,1,0,0,0
9,10,0,1,0,2,0,0,2,2,1,46,2,1,0,0,0
9,10,0,1,0,70,1,0,0,6,5,10,2,1,0,0,0
9,5,1,3,0,2,1,0,2,18,4,6,3,0,1,1,0
9,7,2,1,0,150,0,0,2,20,10,54,1,1,0,0,0
9,3,0,3,0,43,1,0,2,26,3,11,2,1,0,0,0
9,2,1,1,0,20,1,0,0,20,4,22,2,1,0,0,0
9,5,0,2,0,177,1,0,2,24,6,31,2,1,0,0,0
9,7,0,2,0,19,1,0,0,15,4,28,2,1,0,0,0
9,7,0,1,0,11,1,1,2,4,1,21,2,0,1,2,0
9,0,0,1,0,4,0,0,2,1,8,72,1,0,1,2,0
9,0,2,1,0,1,1,0,1,6,4,9,3,0,1,1,0
9,10,0,1,0,33,0,0,2,23,9,7,1,1,0,0,0
9,10,0,3,0,17,1,0,2,11,6,4,2,1,0,0,0
9,7,0,1,0,-2,1,0,2,15,4,14,5,1,0,0,0
9,3,0,3,0,42,1,0,0,6,4,25,3,1,0,0,0
9,0,1,3,0,8,1,0,2,17,3,32,1,1,0,0,0
9,3,1,3,0,0,0,0,2,13,7,16,2,1,0,0,0
9,3,0,3,0,20,0,0,2,5,7,18,1,1,0,0,0
9,0,0,1,0,2,0,1,2,21,7,7,2,1,0,0,0
9,7,0,2,1,-1,1,0,0,9,4,48,1,1,0,0,0
9,7,0,2,1,-20,1,0,0,29,4,21,7,1,0,0,0
9,3,0,3,0,3,0,0,2,20,7,7,2,1,0,0,0
9,5,0,3,0,81,0,1,2,11,4,9,2,1,0,0,0
9,10,1,1,0,19,1,0,0,14,4,30,2,1,0,0,0
9,7,0,2,0,15,0,0,2,11,7,22,4,1,0,0,0
9,11,0,1,0,3,1,0,2,18,4,45,4,1,0,0,0
9,0,2,1,0,1,1,0,0,28,4,54,1,1,0,0,0
9,3,0,1,0,8,1,0,1,8,4,3,3,0,1,2,0
9,11,0,1,0,0,1,0,2,9,6,43,1,1,0,0,0
9,3,0,3,0,83,0,0,0,9,4,26,4,1,0,0,0
9,11,0,3,0,98,0,1,2,13,4,49,2,1,0,0,0
9,11,1,2,0,12,1,0,0,27,4,32,2,1,0,0,0
9,6,2,0,0,0,0,0,2,4,4,9,2,1,0,0,0
9,3,2,3,0,11,1,0,2,28,0,6,1,1,0,0,0
9,11,1,1,0,0,0,0,2,12,2,8,2,1,0,0,0
9,7,0,2,0,30,1,0,2,11,4,44,2,0,1,1,0
9,7,0,2,0,40,1,0,1,13,4,2,1,1,0,0,0
9,7,0,1,0,14,0,0,2,8,7,23,4,1,0,0,0
9,9,0,3,0,101,0,0,2,20,10,6,2,0,1,2,0
9,7,2,1,0,6,1,0,0,7,4,39,2,1,0,0,0
9,10,0,3,0,-6,0,0,2,8,6,36,1,1,0,0,0
9,6,2,3,0,23,0,1,2,16,5,11,1,1,0,0,0
9,10,0,2,0,4,1,0,2,12,4,2,4,1,0,0,0
9,6,2,1,0,50,1,0,2,18,4,19,3,0,1,1,0
9,7,1,2,0,2,1,0,0,2,5,12,4,1,0,0,0
9,8,0,2,0,13,1,0,2,15,4,5,2,0,1,2,0
9,7,0,1,0,0,1,1,2,22,6,12,2,1,0,0,0
9,7,0,1,0,-9,1,0,0,3,5,23,3,1,0,0,0
9,7,0,0,0,2,1,0,0,29,4,20,1,1,0,0,0
9,5,0,1,1,-18,1,0,0,30,5,19,2,1,0,0,0
9,11,0,1,0,34,1,0,2,5,1,19,4,1,0,0,0
9,3,0,1,0,10,0,0,2,12,5,9,7,0,1,2,0
9,0,0,3,0,131,0,0,2,8,5,13,3,1,0,0,0
9,5,2,3,0,14,0,1,2,20,10,9,4,0,1,2,0
9,10,2,3,0,13,0,1,2,13,7,10,4,0,1,2,0
9,10,2,1,0,6,1,0,2,6,1,15,2,0,1,2,0
9,0,2,1,0,83,0,0,2,25,10,23,1,1,0,0,0
9,11,0,1,0,25,1,0,0,16,5,11,5,1,0,0,0
9,9,0,1,0,37,0,0,0,11,5,29,3,1,0,0,0
9,7,2,2,0,7,1,0,0,9,4,13,1,1,0,0,0
9,2,1,2,0,44,0,0,1,28,0,36,2,1,0,0,0
9,7,0,2,0,4,1,0,0,29,4,10,4,1,0,0,0
9,11,2,1,0,-6,1,0,2,20,3,19,3,1,0,0,0
9,0,2,1,0,0,0,0,0,25,5,24,1,1,0,0,0
9,7,0,0,0,16,1,0,1,8,4,83,1,1,0,0,0
9,3,2,3,0,6,0,0,2,22,7,22,2,1,0,0,0
9,8,0,1,0,5,1,1,2,24,6,17,1,1,0,0,0
9,3,0,3,0,27,0,0,2,7,8,9,1,0,1,2,0
9,0,0,1,0,8,0,0,2,30,6,25,5,1,0,0,0
9,7,0,2,0,4,1,0,2,17,10,17,1,0,1,2,0
9,11,1,1,0,10,1,0,0,6,4,16,1,1,0,0,0
9,10,0,1,0,7,0,0,2,25,7,7,3,1,0,0,0
9,10,0,1,0,3,0,0,2,28,0,10,1,1,0,0,0
9,7,0,2,0,11,1,0,2,20,3,7,6,1,0,0,0
9,8,2,3,0,60,1,1,2,17,3,55,1,0,1,1,0
9,5,0,3,0,6,1,1,2,13,4,20,1,1,0,0,0
9,10,1,1,0,19,1,0,2,17,7,12,2,0,1,3,0
9,11,0,1,0,21,0,1,2,24,6,21,1,1,0,0,0
9,10,0,1,0,119,0,0,1,21,10,34,2,1,0,0,0
9,0,2,3,0,13,0,0,2,25,2,7,1,1,0,0,0
9,8,2,3,0,1,0,0,0,23,4,20,1,1,0,0,0
9,0,1,1,0,21,0,0,2,24,6,9,1,1,0,0,0
9,0,0,1,1,-12,0,0,2,13,7,33,2,1,0,0,0
9,7,0,2,0,0,0,0,0,8,4,38,1,1,0,0,0
9,6,2,3,0,36,0,0,2,6,3,15,2,1,0,0,0
9,7,0,1,0,2,1,0,0,5,4,24,2,1,0,0,0
9,10,2,1,0,1,0,1,2,8,6,14,3,1,0,0,0
9,11,2,0,0,14,0,0,0,20,7,0,1,1,0,0,0
9,10,0,1,0,24,0,0,2,18,7,69,4,1,0,0,0
9,8,2,3,0,6,0,0,2,6,7,38,4,1,0,0,0
9,7,0,2,0,5,1,0,2,12,7,12,2,1,0,0,0
9,11,0,1,0,65,1,0,0,19,4,24,1,1,0,0,0
9,10,2,3,0,4,1,1,0,28,4,7,2,1,0,0,0
9,10,0,1,0,0,0,0,0,12,4,3,2,1,0,0,0
9,5,0,1,0,17,1,0,2,3,3,9,2,1,0,0,0
9,0,0,1,0,3,1,0,2,5,1,23,3,1,0,0,0
9,8,0,3,0,5,0,0,2,14,7,25,1,0,1,2,0
9,7,0,1,0,0,0,1,2,9,6,62,1,1,0,0,0
9,2,0,2,0,0,1,0,2,2,1,57,2,1,0,0,0
9,0,1,1,0,9,0,0,2,4,1,11,4,0,1,2,0
9,3,2,3,0,41,0,0,2,8,7,37,6,1,0,0,0
9,10,0,3,1,1,0,0,2,20,7,7,2,1,0,0,0
9,7,0,2,0,3,1,1,1,17,3,59,4,0,1,1,0
9,0,0,1,0,5,1,0,2,10,6,44,1,1,0,0,0
9,3,0,1,0,36,1,0,0,2,5,4,1,1,0,0,0
9,10,1,1,0,0,0,0,2,2,1,9,2,1,0,0,0
9,3,1,3,0,50,0,0,2,30,0,45,3,0,1,2,0
9,9,0,2,0,1,0,0,2,4,5,20,1,1,0,0,0
9,2,0,1,0,0,0,0,2,5,1,53,2,1,0,0,0
9,10,0,2,0,1,0,0,1,7,6,16,3,1,0,0,0
9,7,2,1,0,5,1,0,2,20,3,13,2,1,0,0,0
9,9,0,3,0,15,0,0,0,9,4,13,1,1,0,0,0
9,10,2,3,0,38,1,0,2,18,4,54,1,1,0,0,0
9,7,2,1,0,40,1,0,0,21,4,15,2,1,0,0,0
9,10,2,0,0,2,1,0,2,18,4,15,1,1,0,0,0
9,7,0,1,0,179,1,0,2,15,4,6,2,1,0,0,0
9,8,2,3,0,2,0,0,2,22,5,11,5,1,0,0,0
9,10,0,1,0,3,0,0,2,8,7,15,2,1,0,0,0
9,3,0,1,0,-3,0,0,2,18,10,14,2,1,0,0,0
9,11,0,1,0,162,1,0,2,14,7,31,3,1,0,0,0
9,10,0,3,0,3,1,0,1,11,6,11,2,1,0,0,0
9,7,0,1,0,39,1,0,2,20,10,28,1,1,0,0,0
9,3,0,3,0,12,0,0,2,19,7,43,4,1,0,0,0
9,3,0,3,0,0,1,0,1,11,4,38,2,1,0,0,0
9,10,2,1,0,49,1,0,2,21,10,13,2,1,0,0,0
9,0,2,1,0,0,1,0,0,28,4,33,5,1,0,0,0
9,7,0,1,0,124,0,0,0,16,5,15,1,1,0,0,0
9,7,0,1,0,5,1,0,0,4,5,16,1,1,0,0,0
9,3,0,3,0,0,0,0,2,22,7,23,2,1,0,0,0
9,7,0,2,0,1,1,0,2,16,6,15,3,1,0,0,0
9,0,2,1,0,104,0,1,2,23,6,36,1,1,0,0,0
9,3,0,3,0,58,0,0,2,8,7,11,1,1,0,0,0
9,10,2,1,0,18,1,0,2,15,4,16,5,0,1,2,0
9,3,2,1,0,4,1,0,1,17,10,11,3,0,1,2,0
9,7,0,2,0,1,1,0,1,12,4,1,1,1,0,0,0
9,3,0,2,0,34,0,0,0,9,5,18,1,1,0,0,0
9,7,0,0,0,49,0,0,2,28,7,42,3,1,0,0,0
9,3,1,3,0,20,1,0,2,20,7,6,1,1,0,0,0
9,10,2,3,0,16,1,0,2,21,10,1,5,1,0,0,0
9,3,2,1,0,0,0,0,2,13,7,33,5,1,0,0,0
9,3,2,3,0,0,0,0,2,20,7,10,5,1,0,0,0
9,11,2,1,0,3,1,0,0,29,4,28,3,1,0,0,0
9,3,2,3,0,15,1,0,1,20,3,3,2,0,1,2,0
9,0,0,1,0,31,0,0,2,17,10,40,1,1,0,0,0
9,7,2,1,0,28,1,0,0,7,4,48,1,1,0,0,0
9,3,0,3,0,68,0,0,2,20,10,25,1,1,0,0,0
9,5,2,1,0,0,1,0,2,17,6,2,1,1,0,0,0
9,7,0,1,0,10,1,0,2,23,6,7,17,1,0,0,0
9,0,0,1,0,0,1,0,2,30,6,4,5,1,0,0,0
9,10,2,3,0,0,0,0,2,19,7,33,2,1,0,0,0
9,3,2,3,0,51,1,1,2,6,4,13,3,0,1,2,0
9,3,1,3,0,85,0,0,2,22,4,12,1,1,0,0,0
9,0,1,1,0,2,1,0,2,8,4,8,2,0,1,2,0
9,7,0,2,0,-1,0,0,2,28,7,5,8,1,0,0,0
9,0,0,1,0,2,1,0,0,14,4,42,1,1,0,0,0
9,9,0,2,0,-1,0,0,2,10,6,16,5,1,0,0,0
9,10,0,3,0,74,0,0,2,19,10,13,1,1,0,0,0
9,3,0,3,0,0,0,0,2,26,7,17,16,1,0,0,0
9,10,2,3,0,6,1,0,0,20,5,3,4,1,0,0,0
9,4,1,2,0,45,1,0,2,5,1,26,1,0,1,2,0
9,10,2,1,0,11,0,0,2,30,5,25,2,1,0,0,0
9,9,0,2,0,177,0,0,0,11,5,26,1,1,0,0,0
9,7,0,1,0,-5,1,0,2,2,3,9,1,1,0,0,0
9,7,2,1,0,0,1,0,0,2,5,28,2,1,0,0,0
9,7,1,1,0,17,0,1,0,18,5,36,1,1,0,0,0
9,2,2,0,0,1,0,0,2,28,0,33,2,1,0,0,0
9,0,0,1,0,36,1,1,0,30,4,71,1,1,0,0,0
9,3,1,3,0,5,0,0,0,5,4,17,1,1,0,0,0
9,10,2,1,0,1,1,0,2,18,4,33,1,1,0,0,0
9,2,1,1,0,0,1,0,2,18,10,9,2,1,0,0,0
9,10,0,1,0,-8,1,0,0,26,4,12,1,1,0,0,0
9,11,0,1,0,-6,1,0,2,28,6,14,10,1,0,0,0
9,10,1,1,0,26,0,0,2,26,7,9,2,1,0,0,0
9,0,0,1,0,27,1,0,2,17,3,6,1,0,1,2,0
9,7,0,2,0,12,1,0,0,15,4,33,10,1,0,0,0
9,8,0,1,0,31,0,0,2,24,11,52,3,0,1,2,0
9,7,0,1,0,-2,1,0,0,3,5,36,2,1,0,0,0
9,3,0,1,0,3,1,0,1,5,1,12,3,0,1,1,0
9,0,0,1,0,18,0,0,2,30,3,34,1,1,0,0,0
9,0,1,1,0,0,1,0,0,29,4,16,1,1,0,0,0
9,7,0,0,0,19,1,1,2,7,4,13,2,1,0,0,0
9,5,0,2,0,100,0,0,2,8,4,31,2,1,0,0,0
9,11,0,1,0,4,1,0,0,8,4,17,1,1,0,0,0
9,1,0,2,0,82,0,0,2,21,7,31,3,1,0,0,0
9,7,0,2,0,0,1,0,0,13,4,20,3,1,0,0,0
9,8,2,1,0,0,1,0,2,15,6,36,2,1,0,0,0
9,0,1,1,0,36,1,0,0,14,4,15,1,1,0,0,0
9,8,2,3,0,27,1,0,2,20,10,13,2,1,0,0,0
9,11,1,2,0,18,0,0,0,6,5,20,6,1,0,0,0
9,7,0,2,0,-2,1,0,0,8,4,12,5,1,0,0,0
9,3,2,3,0,62,1,0,2,18,6,16,1,1,0,0,0
9,0,2,3,0,179,0,0,2,4,5,16,1,1,0,0,0
9,0,0,1,0,-10,1,0,0,12,4,21,2,1,0,0,0
9,10,0,1,0,51,0,0,0,18,5,14,2,1,0,0,0
9,11,0,1,0,154,1,0,2,14,4,21,4,0,1,1,0
9,10,2,1,0,0,0,0,2,29,7,3,14,1,0,0,0
9,7,0,2,0,-16,1,0,0,8,4,19,3,1,0,0,0
9,10,0,1,0,12,0,0,0,4,6,13,1,1,0,0,0
9,1,0,0,0,81,0,0,1,11,7,32,1,1,0,0,0
9,4,1,2,0,51,0,0,0,18,5,5,4,1,0,0,0
9,7,0,1,0,12,1,0,2,29,0,8,2,0,1,2,0
9,7,2,1,0,0,1,0,2,18,4,7,1,1,0,0,0
9,7,2,2,0,-2,1,0,0,21,4,18,2,1,0,0,0
9,9,0,3,0,133,1,1,2,5,1,17,1,1,0,0,0
9,7,0,1,0,2,0,1,2,25,6,7,2,1,0,0,0
9,11,1,3,0,45,0,1,2,19,10,10,1,0,1,2,0
9,7,0,2,0,8,0,0,0,8,4,8,8,1,0,0,0
9,7,0,1,0,-7,1,0,2,7,6,27,11,1,0,0,0
9,3,0,3,0,96,1,0,2,4,1,26,1,1,0,0,0
9,0,0,1,0,0,0,0,0,12,5,8,2,1,0,0,0
9,6,0,2,0,0,1,0,2,10,6,48,1,1,0,0,0
9,3,2,3,0,65,0,0,0,9,5,9,4,1,0,0,0
9,9,1,1,0,-4,1,1,2,17,3,6,1,1,0,0,0
9,11,0,1,0,28,1,0,2,6,4,20,1,0,1,2,0
9,0,0,1,0,89,1,0,0,5,5,21,1,1,0,0,0
9,10,0,1,0,48,1,0,1,14,6,19,5,1,0,0,0
9,7,1,2,0,0,1,0,2,6,4,30,1,0,1,2,0
9,7,0,1,0,-1,0,1,1,31,6,7,13,1,0,0,0
9,7,0,1,0,14,1,0,0,29,4,10,7,1,0,0,0
9,10,1,3,0,18,0,0,2,27,7,14,8,1,0,0,0
9,11,2,3,0,1,1,0,2,10,1,15,1,0,1,3,0
9,10,2,1,0,12,1,0,0,12,4,99,2,1,0,0,0
9,3,2,3,0,27,1,0,0,21,4,2,8,1,0,0,0
9,9,1,1,0,10,1,0,2,17,10,57,1,0,1,1,0
9,3,0,3,0,32,0,0,2,16,2,38,1,0,1,2,0
9,7,0,1,0,35,1,0,0,19,5,54,1,1,0,0,0
9,11,0,1,0,17,1,0,0,21,4,4,3,1,0,0,0
9,7,1,1,0,6,1,0,0,2,5,31,2,1,0,0,0
9,3,2,3,0,69,1,1,2,21,10,1,2,1,0,0,0
9,3,0,3,0,0,0,0,2,19,7,72,5,1,0,0,0
9,10,0,3,0,60,1,0,2,9,6,25,1,1,0,0,0
9,0,2,1,0,27,1,0,0,13,4,20,1,1,0,0,0
9,7,0,1,0,6,0,1,2,27,7,33,4,1,0,0,0
9,10,0,1,0,0,1,1,2,18,10,12,2,1,0,0,0
9,3,2,3,0,2,1,0,2,18,4,13,2,1,0,0,0
9,11,0,1,0,21,0,0,1,11,6,51,3,1,0,0,0
9,10,1,1,0,8,0,0,2,29,0,14,1,1,0,0,0
9,9,0,1,0,9,0,1,1,9,8,49,2,1,0,0,0
9,3,2,3,0,72,0,0,2,14,7,10,2,1,0,0,0
9,10,0,3,0,18,0,0,2,5,7,53,3,1,0,0,0
9,10,2,1,0,0,1,0,2,8,7,9,5,1,0,0,0
9,3,2,3,0,4,0,0,0,12,4,6,5,1,0,0,0
9,11,0,3,0,0,0,0,2,19,10,5,3,1,0,0,0
9,9,0,2,0,5,1,0,2,28,6,4,4,1,0,0,0
9,3,0,1,0,0,0,0,0,18,5,32,2,1,0,0,0
9,5,0,1,0,30,1,1,2,20,10,6,6,0,1,2,0
9,5,2,3,0,58,1,0,2,17,3,26,1,1,0,0,0
9,7,0,2,0,35,1,0,0,16,4,99,3,1,0,0,0
9,7,0,1,0,12,1,0,2,13,3,15,1,1,0,0,0
9,0,0,0,0,0,1,0,0,7,4,16,1,1,0,0,0
9,7,0,1,0,20,1,1,2,14,4,58,1,0,1,2,0
9,10,0,3,0,2,0,1,2,10,6,6,1,1,0,0,0
9,11,0,1,0,10,0,0,0,20,5,1,4,1,0,0,0
9,7,0,0,0,-19,1,0,1,31,6,23,9,1,0,0,0
9,3,2,3,0,-14,1,0,2,16,3,24,1,1,0,0,0
9,10,0,1,0,0,0,0,2,8,6,63,1,1,0,0,0
9,3,2,3,0,16,0,0,2,17,8,61,1,1,0,0,0
9,11,0,1,0,0,1,0,0,15,4,31,6,1,0,0,0
9,7,1,1,0,6,1,0,2,5,1,11,1,0,1,1,0
9,7,0,2,0,29,1,1,2,4,7,16,2,1,0,0,0
9,11,2,1,0,0,0,1,2,25,6,26,3,1,0,0,0
9,8,0,3,0,43,1,0,0,13,4,9,1,1,0,0,0
9,10,0,3,0,91,1,0,2,20,10,19,2,0,1,3,0
9,11,0,1,0,0,0,0,2,24,6,23,2,1,0,0,0
9,3,0,3,0,7,0,0,2,12,7,9,8,1,0,0,0
9,3,0,3,0,-8,1,0,2,21,6,17,4,1,0,0,0
9,3,0,3,0,11,0,0,1,2,1,18,1,1,0,0,0
9,0,0,1,0,179,0,0,2,15,2,54,5,0,1,2,0
9,10,0,1,0,17,1,0,0,21,4,64,1,1,0,0,0
9,3,0,1,0,1,1,1,0,23,4,31,4,1,0,0,0
9,10,2,3,0,107,0,0,2,13,7,20,5,1,0,0,0
9,3,0,3,0,97,1,0,2,8,7,17,2,1,0,0,0
9,9,0,3,0,4,0,0,2,19,7,5,2,1,0,0,0
9,3,1,3,0,14,1,0,2,29,7,48,2,1,0,0,0
9,3,0,3,0,1,1,0,2,20,3,12,2,0,1,2,0
9,7,0,1,0,0,1,1,0,21,4,14,2,1,0,0,0
9,10,0,1,0,42,0,0,2,4,4,2,5,1,0,0,0
9,10,2,1,0,11,1,0,0,30,4,7,2,1,0,0,0
9,0,0,1,0,13,1,0,1,29,6,99,11,1,0,0,0
9,11,0,1,0,0,0,0,2,10,6,9,1,1,0,0,0
9,3,0,3,0,9,1,0,0,6,4,22,1,1,0,0,0
9,2,2,1,0,54,0,0,2,21,10,46,3,1,0,0,0
9,0,1,1,0,0,0,0,2,3,3,33,1,1,0,0,0
9,10,2,1,0,50,0,0,2,8,3,10,2,1,0,0,0
9,0,0,1,0,-5,1,1,0,4,5,34,2,1,0,0,0
9,7,0,1,0,0,1,1,0,5,4,18,1,1,0,0,0
9,3,2,3,0,12,1,0,2,18,10,29,1,0,1,2,0
9,3,2,3,0,52,1,0,2,18,4,17,3,1,0,0,0
9,3,0,3,0,9,1,0,2,18,7,20,4,1,0,0,0
9,10,0,3,0,103,1,1,2,18,6,12,2,1,0,0,0
9,3,2,3,0,43,1,0,0,3,5,36,1,1,0,0,0
9,10,0,1,0,6,1,0,2,8,4,24,1,0,1,2,0
9,11,0,1,0,19,1,0,2,20,10,50,2,0,1,2,0
9,0,0,1,1,-5,1,0,2,8,4,10,1,0,1,2,0
9,3,0,3,0,22,1,1,0,16,4,33,5,1,0,0,0
9,11,0,1,0,14,1,0,0,14,4,76,2,1,0,0,0
9,3,2,3,0,33,1,0,0,12,9,0,1,1,0,0,0
9,10,0,1,0,5,0,0,0,20,5,1,6,1,0,0,0
9,0,0,1,0,3,1,0,2,8,4,40,2,1,0,0,0
9,7,1,2,0,3,0,0,2,14,7,7,3,1,0,0,0
9,5,0,3,0,60,1,0,0,27,4,3,3,1,0,0,0
9,10,0,0,0,0,0,0,0,6,4,9,2,1,0,0,0
9,10,0,3,0,2,1,1,2,7,6,18,3,1,0,0,0
9,4,0,2,0,37,0,0,0,17,5,12,1,1,0,0,0
9,7,2,1,0,52,0,0,2,29,0,43,2,1,0,0,0
9,2,0,1,0,0,0,0,0,3,6,8,1,1,0,0,0
9,0,0,2,0,4,1,0,2,13,4,23,2,0,1,2,0
9,7,2,2,0,10,0,0,2,6,1,11,1,1,0,0,0
9,8,0,2,0,14,0,0,0,20,5,11,4,1,0,0,0
9,7,0,1,1,-2,1,0,0,4,5,2,2,1,0,0,0
9,3,2,3,0,5,0,0,2,12,7,10,1,1,0,0,0
9,7,0,1,0,5,1,0,2,14,4,18,1,1,0,0,0
9,9,0,1,0,28,1,1,2,23,6,43,2,1,0,0,0
9,3,2,3,0,22,1,0,0,20,4,26,2,1,0,0,0
9,3,2,3,0,0,0,0,2,21,10,0,6,1,0,0,0
9,3,1,3,0,8,1,1,2,29,0,20,2,1,0,0,0
9,3,0,1,0,0,0,0,1,10,6,12,1,1,0,0,0
9,10,0,1,0,1,1,0,2,9,6,22,1,1,0,0,0
9,10,1,1,0,0,0,0,0,5,4,16,1,1,0,0,0
9,3,1,3,0,1,1,1,2,6,4,22,1,1,0,0,0
9,3,0,3,0,11,1,1,2,6,4,17,2,1,0,0,0
9,1,0,2,0,2,0,0,0,19,5,11,14,1,0,0,0
9,0,1,1,0,15,0,0,2,4,1,7,1,1,0,0,0
9,3,2,3,0,0,0,0,2,28,7,33,2,1,0,0,0
9,4,0,3,0,17,0,0,2,12,7,19,4,1,0,0,0
9,3,0,3,0,0,1,0,0,9,4,5,1,1,0,0,0
9,10,2,1,0,0,0,0,2,27,7,10,2,1,0,0,0
9,3,2,3,0,26,1,0,2,29,0,25,1,0,1,2,0
9,0,2,1,0,41,0,1,2,18,10,17,1,0,1,1,0
9,4,1,2,0,3,0,0,0,5,4,36,2,1,0,0,0
9,7,2,1,0,27,1,0,0,15,4,20,2,1,0,0,0
9,10,1,3,0,52,1,0,2,1,5,12,1,0,1,2,0
9,3,0,3,0,15,1,0,0,5,4,16,1,1,0,0,0
9,11,0,1,0,-1,1,1,2,3,1,14,3,1,0,0,0
9,10,0,1,0,115,1,0,2,3,1,26,4,1,0,0,0
9,10,1,1,0,6,1,1,0,26,4,45,3,1,0,0,0
9,5,0,3,0,6,1,1,2,18,10,6,3,1,0,0,0
9,0,2,1,0,36,1,0,2,12,4,30,1,1,0,0,0
9,0,2,1,0,53,0,0,0,20,5,7,2,1,0,0,0
9,0,2,1,0,0,0,0,2,20,7,20,2,0,1,1,0
9,8,2,1,0,15,0,0,2,11,7,31,3,1,0,0,0
9,2,0,1,0,64,0,0,0,25,5,29,2,1,0,0,0
9,3,2,3,0,0,1,0,2,14,4,17,1,0,1,2,0
9,10,0,1,0,4,1,1,0,20,5,8,2,1,0,0,0
9,10,0,1,0,-16,1,1,0,26,4,29,1,1,0,0,0
9,10,0,1,0,2,0,1,2,7,7,52,5,1,0,0,0
9,8,2,3,0,108,0,0,0,9,4,53,2,1,0,0,0
9,10,0,1,0,36,0,0,2,19,7,6,6,1,0,0,0
9,10,1,1,0,1,0,0,2,29,7,8,3,1,0,0,0
9,7,0,1,0,22,1,0,2,15,4,17,4,1,0,0,0
9,9,0,3,0,0,1,1,2,11,4,6,1,1,0,0,0
9,9,1,1,0,20,0,1,2,30,6,6,4,1,0,0,0
9,8,0,1,0,17,1,0,2,31,6,11,2,1,0,0,0
9,3,1,1,0,28,1,0,2,11,6,7,2,1,0,0,0
9,3,0,3,0,12,0,0,2,27,7,20,5,1,0,0,0
9,9,0,3,0,93,1,0,2,13,6,8,1,0,1,2,0
9,5,0,3,0,94,1,0,2,8,3,40,1,1,0,0,0
9,2,0,2,0,25,0,0,2,21,10,10,1,1,0,0,0
9,3,0,3,0,154,0,0,2,20,7,35,3,1,0,0,0
9,10,0,1,0,21,1,0,2,17,6,12,3,1,0,0,0
9,3,1,3,0,1,1,0,0,5,4,27,1,1,0,0,0
9,4,0,1,0,11,0,1,2,20,10,12,1,1,0,0,0
9,7,0,2,1,1,0,1,2,10,6,43,1,1,0,0,0
9,2,2,1,0,0,1,0,2,13,4,8,2,0,1,2,0
9,7,2,0,0,0,0,1,2,5,1,16,3,1,0,0,0
9,2,2,2,0,0,0,0,2,2,1,1,6,1,0,0,0
9,10,0,3,0,8,1,0,0,11,5,7,1,1,0,0,0
9,7,0,2,0,14,1,0,0,30,4,15,4,1,0,0,0
9,10,0,1,0,-2,1,0,2,13,4,19,2,1,0,0,0
9,10,0,1,0,2,0,1,2,18,10,5,1,0,1,2,0
9,7,0,2,0,25,1,0,2,13,3,13,1,0,1,2,0
9,3,0,1,0,2,1,0,0,19,4,3,7,1,0,0,0
9,11,0,0,0,24,0,1,2,21,6,8,20,1,0,0,0
9,3,0,3,0,38,1,0,2,20,7,38,4,1,0,0,0
9,0,0,1,0,10,1,0,2,19,10,64,1,1,0,0,0
9,8,2,3,0,18,1,0,0,28,4,20,4,1,0,0,0
9,7,0,2,0,9,1,0,0,13,4,13,4,1,0,0,0
9,0,2,1,0,0,1,0,0,14,4,21,3,1,0,0,0
9,7,1,1,0,60,0,0,2,5,4,17,2,1,0,0,0
9,0,0,1,0,7,1,0,2,16,6,10,3,1,0,0,0
9,10,1,1,0,3,0,0,2,30,6,9,11,1,0,0,0
9,11,0,0,0,96,1,0,0,21,4,15,5,1,0,0,0
9,10,0,1,0,1,1,1,2,29,0,19,1,0,1,2,0
9,3,0,3,0,-13,1,0,0,26,4,14,1,1,0,0,0
9,11,2,1,0,4,1,0,0,4,5,17,2,1,0,0,0
9,11,0,0,0,3,0,0,1,28,0,25,4,1,0,0,0
9,10,0,1,0,55,1,0,2,4,8,25,2,0,1,2,0
9,0,0,1,0,0,1,0,2,7,3,19,2,1,0,0,0
9,11,0,1,0,6,0,0,1,9,1,99,4,1,0,0,0
9,7,0,1,0,27,1,0,2,18,10,2,1,1,0,0,0
9,10,0,1,0,19,1,1,2,5,1,11,4,1,0,0,0
9,3,0,3,0,179,1,0,0,14,4,16,1,1,0,0,0
9,0,1,1,1,-1,1,0,2,6,4,24,1,0,1,2,0
9,7,0,2,0,26,0,0,0,15,4,30,4,1,0,0,0
9,10,0,3,0,0,0,0,2,26,4,5,1,1,0,0,0
9,3,0,3,0,3,0,0,1,4,1,7,2,0,1,3,0
9,7,0,2,0,21,1,0,2,7,3,31,1,0,1,2,0
9,11,2,1,0,13,1,0,2,20,3,1,6,1,0,0,0
9,7,0,1,0,3,0,0,2,21,7,8,1,1,0,0,0
9,3,2,3,0,21,1,0,2,4,4,24,1,1,0,0,0
9,3,2,3,0,34,0,0,2,21,10,15,4,1,0,0,0
9,9,0,1,0,18,0,0,2,25,8,11,1,0,1,1,0
9,3,0,3,0,27,1,0,2,27,2,34,1,1,0,0,0
9,8,0,1,0,20,1,0,2,4,1,20,3,0,1,1,0
9,2,2,0,0,179,1,0,2,9,1,9,2,1,0,0,0
9,3,2,0,1,2,1,0,0,9,4,22,3,1,0,0,0
9,7,0,1,0,10,0,0,2,14,4,47,1,1,0,0,0
9,3,0,3,0,1,0,0,2,22,7,31,1,1,0,0,0
9,6,2,1,0,23,0,0,2,21,9,25,2,0,1,2,0
9,11,2,1,0,3,1,1,0,4,6,8,2,1,0,0,0
9,10,2,3,0,0,1,0,0,5,4,18,1,1,0,0,0
9,0,0,1,0,-5,0,0,0,30,4,17,1,1,0,0,0
9,11,1,1,0,0,0,1,2,18,6,19,1,1,0,0,0
9,5,1,1,0,24,1,0,2,2,1,44,2,1,0,0,0
9,7,0,1,0,40,0,0,0,19,5,44,1,1,0,0,0
9,11,0,2,0,19,1,0,2,3,1,25,1,0,1,2,0
9,11,0,1,0,13,1,0,1,20,10,4,1,1,0,0,0
9,4,0,2,0,0,0,0,0,20,5,17,2,1,0,0,0
9,11,0,1,0,33,1,1,2,4,1,14,1,0,1,1,0
9,7,0,2,0,63,1,0,2,20,10,18,2,1,0,0,0
9,3,0,3,0,67,1,0,2,29,0,77,1,1,0,0,0
9,3,0,3,0,6,0,0,2,13,7,25,4,1,0,0,0
9,10,1,1,0,3,0,0,0,13,4,1,1,1,0,0,0
9,11,0,1,0,73,1,0,0,3,5,36,1,1,0,0,0
9,7,0,1,0,8,1,0,2,13,4,32,3,0,1,2,0
9,9,0,2,0,0,0,0,2,16,8,24,3,1,0,0,0
9,7,0,2,0,4,0,0,0,19,5,68,3,1,0,0,0
9,3,2,3,0,11,0,0,2,25,7,8,4,1,0,0,0
9,10,0,2,0,6,1,1,2,30,0,10,2,0,1,1,0
9,7,0,2,0,-6,0,0,2,28,6,16,3,1,0,0,0
9,1,0,0,0,4,0,0,0,18,5,1,6,1,0,0,0
9,6,2,0,0,4,0,0,1,4,2,36,2,0,1,2,0
9,10,0,1,0,7,0,0,1,29,0,22,1,1,0,0,0
9,0,0,0,0,9,0,0,2,21,10,17,1,1,0,0,0
9,10,1,1,0,29,0,1,2,11,6,5,2,1,0,0,0
9,8,0,1,0,12,1,0,2,20,10,39,2,1,0,0,0
9,7,1,2,1,-6,1,0,0,5,5,18,2,1,0,0,0
9,10,0,1,0,0,0,0,2,22,7,5,2,1,0,0,0
9,10,0,3,0,9,0,0,2,25,7,39,7,1,0,0,0
9,5,2,3,0,6,1,1,2,30,0,92,5,1,0,0,0
9,3,2,3,0,1,1,0,2,20,3,21,3,1,0,0,0
9,11,0,1,1,45,0,0,2,28,7,11,8,1,0,0,0
9,7,0,2,0,0,1,0,0,2,5,3,1,1,0,0,0
9,4,0,3,0,0,1,0,2,2,1,6,1,1,0,0,0
9,3,2,3,0,4,0,1,2,4,1,11,1,0,1,1,0
9,3,0,3,1,0,0,0,2,17,6,9,2,1,0,0,0
9,10,0,1,0,5,1,0,2,18,6,16,2,1,0,0,0
9,7,0,1,0,0,0,0,0,28,4,0,4,1,0,0,0
9,3,0,3,0,14,0,0,2,20,7,8,4,1,0,0,0
9,10,1,1,1,-2,1,0,0,20,4,26,1,1,0,0,0
9,9,0,1,0,-4,1,0,0,11,5,20,4,1,0,0,0
9,3,1,3,0,2,1,1,2,18,6,15,3,1,0,0,0
9,3,0,3,0,27,0,0,2,18,10,13,1,1,0,0,0
9,10,2,3,0,3,1,0,0,8,4,23,1,1,0,0,0
9,7,0,1,0,58,0,0,2,4,11,12,2,0,1,3,0
9,10,2,3,0,16,1,0,2,9,1,15,3,1,0,0,0
9,0,0,1,0,32,0,0,2,31,6,5,2,1,0,0,0
9,3,0,3,0,24,1,0,2,5,4,8,9,0,1,1,0
9,4,0,2,0,4,0,1,2,18,6,8,2,1,0,0,0
9,7,0,2,0,21,1,0,0,3,5,2,1,1,0,0,0
9,7,2,1,0,8,0,1,2,28,0,16,1,1,0,0,0
9,5,2,3,0,0,0,0,2,17,10,15,2,1,0,0,0
9,3,0,3,0,118,0,0,2,6,7,68,2,1,0,0,0
9,7,0,1,0,49,1,0,0,23,4,92,1,1,0,0,0
9,9,1,3,0,-20,1,0,2,30,6,10,7,1,0,0,0
9,0,0,1,0,3,0,1,0,20,5,10,1,1,0,0,0
9,3,0,3,0,0,0,0,2,11,4,4,1,1,0,0,0
9,0,2,3,0,76,0,0,0,9,5,39,2,1,0,0,0
9,0,0,1,0,0,0,0,2,29,6,24,4,1,0,0,0
9,0,0,1,0,-8,1,0,0,5,4,35,2,1,0,0,0
9,10,0,1,0,2,1,0,2,6,4,7,2,1,0,0,0
9,3,2,3,0,18,1,0,2,12,2,12,2,0,1,2,0
9,3,2,3,0,0,1,0,0,26,5,9,4,1,0,0,0
9,7,2,2,0,14,1,0,2,16,3,11,2,0,1,2,0
9,0,0,1,0,34,0,0,2,30,6,14,9,1,0,0,0
9,3,1,1,0,27,0,0,1,23,6,29,2,1,0,0,0
9,0,2,1,0,14,0,0,2,4,4,49,3,0,1,2,0
9,7,0,1,0,5,1,0,0,15,4,40,7,1,0,0,0
9,10,2,3,0,0,1,0,0,9,4,48,3,1,0,0,0
9,3,0,3,0,22,0,0,0,14,5,2,1,1,0,0,0
9,4,2,1,0,13,1,0,0,12,4,18,4,1,0,0,0
9,7,1,1,0,-15,0,1,0,3,6,11,1,1,0,0,0
9,7,0,1,0,18,1,0,2,11,4,30,2,0,1,1,0
9,10,0,1,1,-1,1,0,0,27,4,20,5,1,0,0,0
9,3,2,3,0,10,1,0,2,21,10,1,7,1,0,0,0
9,5,2,1,0,13,0,1,0,27,4,13,1,1,0,0,0
9,7,0,1,0,3,1,0,0,7,4,28,3,1,0,0,0
9,7,0,1,0,2,1,0,0,2,5,8,3,1,0,0,0
9,7,2,2,0,0,1,0,2,23,6,21,1,1,0,0,0
9,10,2,1,0,23,0,0,2,28,0,12,2,1,0,0,0
9,6,2,1,0,9,1,0,2,20,3,26,1,1,0,0,0
9,11,0,1,0,-4,1,0,2,30,6,4,31,1,0,0,0
9,10,0,1,0,11,1,0,2,17,6,11,3,1,0,0,0
9,7,0,1,0,6,1,0,2,17,3,39,1,0,1,2,0
9,3,2,3,0,24,0,0,1,29,6,6,4,1,0,0,0
9,11,0,1,0,10,0,0,1,17,6,8,1,1,0,0,0
9,3,0,3,0,0,1,0,0,29,4,18,2,1,0,0,0
9,0,2,1,0,114,1,1,0,21,4,89,1,1,0,0,0
9,9,2,1,0,7,1,0,0,27,4,99,5,1,0,0,0
9,10,1,1,0,-8,1,1,2,21,6,9,9,1,0,0,0
9,7,2,1,0,7,1,0,0,28,4,53,7,1,0,0,0
9,0,0,1,0,3,1,0,2,13,4,42,1,0,1,2,0
9,11,2,1,0,100,1,0,0,12,4,89,1,1,0,0,0
9,3,1,3,0,71,0,0,2,29,0,37,2,1,0,0,0
9,3,2,3,0,13,0,1,0,4,6,8,3,1,0,0,0
9,0,2,1,0,12,1,0,0,28,4,7,2,1,0,0,0
9,11,0,3,0,10,1,0,2,18,4,71,6,1,0,0,0
9,3,0,3,0,-13,1,0,0,30,4,50,2,1,0,0,0
9,9,0,2,0,53,1,0,0,13,4,6,1,1,0,0,0
9,3,0,3,0,8,1,0,2,28,0,20,1,1,0,0,0
9,4,1,1,0,6,0,0,0,9,5,24,2,1,0,0,0
9,10,0,2,0,3,1,0,0,27,4,13,2,1,0,0,0
9,3,0,3,0,-2,0,0,2,18,10,12,2,1,0,0,0
9,3,0,3,0,26,0,0,2,13,7,23,1,1,0,0,0
9,11,2,1,0,1,1,0,0,23,4,29,1,1,0,0,0
9,3,2,1,0,16,1,0,2,6,4,4,1,1,0,0,0
9,3,0,3,0,6,0,0,2,11,7,17,5,1,0,0,0
9,10,2,3,0,4,1,0,0,27,4,19,2,1,0,0,0
9,0,0,1,0,-4,1,0,2,18,6,8,2,1,0,0,0
9,0,2,1,0,-1,0,1,2,18,6,6,2,1,0,0,0
9,3,1,1,0,12,1,0,0,4,5,63,1,1,0,0,0
9,0,0,1,0,72,1,0,2,14,4,19,8,0,1,3,0
9,11,1,2,0,77,1,0,0,20,5,1,3,1,0,0,0
9,10,0,1,0,1,1,0,2,28,6,9,3,1,0,0,0
9,2,0,1,0,1,0,1,2,21,10,28,3,1,0,0,0
9,8,2,3,0,3,0,0,2,16,10,44,2,0,1,3,0
9,11,2,1,0,23,1,0,0,16,5,9,2,1,0,0,0
9,7,2,1,0,1,0,0,0,16,4,16,3,1,0,0,0
9,0,0,1,0,0,0,0,0,20,5,8,1,1,0,0,0
9,8,0,3,0,3,0,0,2,4,1,19,2,1,0,0,0
9,9,0,2,0,0,0,0,2,11,2,11,1,0,1,3,0
9,7,2,2,0,2,1,0,2,9,6,66,1,1,0,0,0
9,7,0,1,0,29,1,0,2,20,3,32,2,1,0,0,0
9,3,0,3,0,36,0,0,2,26,4,24,2,0,1,2,0
9,3,0,1,0,23,0,0,2,16,6,45,1,1,0,0,0
9,8,2,3,0,2,1,0,0,16,4,67,1,1,0,0,0
9,7,0,2,0,24,0,1,1,16,6,20,5,1,0,0,0
9,3,2,3,0,5,0,0,2,8,1,10,1,1,0,0,0
9,10,1,3,0,-5,0,1,2,18,6,25,5,1,0,0,0
9,11,2,1,0,5,0,0,2,19,10,22,1,1,0,0,0
9,3,2,3,0,2,0,0,0,3,5,26,3,1,0,0,0
9,7,0,1,0,1,1,0,2,11,4,16,2,1,0,0,0
9,11,1,1,0,10,1,0,2,17,3,10,1,0,1,2,0
9,3,0,3,0,96,0,1,2,18,6,16,7,1,0,0,0
9,5,0,1,0,16,1,1,2,7,4,14,8,0,1,1,0
9,11,1,2,0,2,1,0,0,12,4,17,2,1,0,0,0
9,7,0,1,0,135,1,0,2,20,10,9,2,1,0,0,0
9,9,0,1,0,76,1,1,0,19,5,21,2,1,0,0,0
9,3,0,2,0,14,1,1,2,18,6,21,3,1,0,0,0
9,3,0,1,0,54,1,0,2,30,6,8,6,1,0,0,0
9,6,2,1,0,2,0,0,1,11,7,8,1,0,1,2,0
9,5,0,1,0,116,0,0,0,17,5,11,2,1,0,0,0
9,2,1,1,0,58,0,0,1,3,1,25,1,1,0,0,0
9,7,0,1,0,71,0,0,2,26,7,8,10,1,0,0,0
9,10,2,1,0,18,1,1,2,7,4,24,1,1,0,0,0
9,7,0,2,0,79,1,0,2,17,3,26,1,1,0,0,0
9,3,1,3,0,4,1,0,2,10,6,47,1,1,0,0,0
9,7,0,2,0,5,1,0,0,9,4,2,3,1,0,0,0
9,11,2,1,1,1,1,0,0,9,4,16,2,1,0,0,0
9,0,2,3,0,5,1,0,2,1,5,32,1,0,1,2,0
9,7,0,1,0,7,1,1,0,16,4,43,2,1,0,0,0
9,3,2,3,0,0,0,1,2,22,6,9,1,1,0,0,0
9,7,0,1,0,120,1,0,2,12,7,15,6,1,0,0,0
9,7,0,2,0,4,0,0,2,8,7,7,2,1,0,0,0
9,10,1,1,0,16,0,0,2,7,7,34,5,1,0,0,0
9,7,0,2,0,35,1,0,0,29,4,22,3,1,0,0,0
9,10,2,3,0,-1,0,0,2,21,7,11,4,1,0,0,0
9,0,0,1,0,6,0,1,2,31,6,16,2,1,0,0,0
9,0,1,1,0,15,1,0,1,25,6,7,8,1,0,0,0
9,5,0,1,0,26,1,0,2,30,6,8,3,1,0,0,0
9,4,0,1,0,0,0,1,1,15,6,57,3,1,0,0,0
9,1,0,0,0,34,0,0,0,17,5,9,1,1,0,0,0
9,4,0,2,0,0,0,0,2,23,1,63,1,0,1,2,0
9,11,2,1,0,26,0,0,0,20,5,2,12,1,0,0,0
9,0,2,3,0,1,0,1,2,30,3,6,1,1,0,0,0
9,11,0,0,0,9,1,0,1,15,6,54,2,1,0,0,0
9,7,0,0,0,5,1,0,1,30,6,25,2,1,0,0,0
9,11,0,2,0,6,0,0,2,25,7,77,12,1,0,0,0
9,10,2,1,0,28,1,1,0,16,4,42,1,1,0,0,0
9,3,0,3,0,179,0,0,2,12,7,14,2,0,1,2,0
9,3,1,3,0,0,1,0,1,18,10,3,2,1,0,0,0
9,7,0,2,0,1,1,0,2,16,3,79,1,1,0,0,0
9,3,0,3,0,-2,0,1,2,18,10,19,3,1,0,0,0
9,5,2,1,0,12,0,0,2,14,6,35,6,1,0,0,0
9,4,0,2,0,0,0,0,2,20,7,17,5,1,0,0,0
9,9,1,1,0,97,0,0,0,20,5,6,3,1,0,0,0
9,0,2,1,0,28,0,0,2,2,6,12,1,1,0,0,0
9,2,0,1,0,11,0,0,2,8,6,49,1,1,0,0,0
9,7,0,2,0,2,1,0,2,8,4,8,4,0,1,1,0
9,9,0,1,0,4,0,0,2,25,0,11,1,0,1,3,0
9,7,2,1,0,0,1,0,2,18,4,8,4,1,0,0,0
9,7,1,1,0,18,1,0,2,20,10,34,2,1,0,0,0
9,3,0,3,0,8,0,1,2,23,6,36,2,1,0,0,0
9,5,0,3,0,0,1,0,2,17,10,18,1,1,0,0,0
9,7,2,3,0,39,1,0,2,4,4,3,2,0,1,2,0
9,0,0,1,0,2,1,0,0,13,4,19,1,1,0,0,0
9,4,0,2,0,61,0,0,0,9,5,9,3,1,0,0,0
9,3,2,3,0,45,1,0,2,31,6,25,2,1,0,0,0
9,7,0,1,0,5,1,0,2,17,3,24,2,1,0,0,0
9,0,0,1,0,-7,0,0,2,30,3,11,1,0,1,2,0
9,3,0,3,0,10,1,0,1,16,3,19,3,1,0,0,0
9,3,2,3,0,7,0,0,2,19,7,38,3,1,0,0,0
9,7,1,1,0,-4,1,0,0,9,4,18,1,1,0,0,0
9,3,0,2,0,13,1,1,1,21,6,10,3,1,0,0,0
9,7,0,1,0,61,1,1,2,11,4,42,2,1,0,0,0
9,7,0,1,0,6,0,0,2,14,4,13,2,1,0,0,0
9,9,0,1,0,8,0,0,2,22,7,15,2,1,0,0,0
9,5,0,2,0,179,1,0,2,21,10,16,1,1,0,0,0
9,7,0,0,0,21,1,0,0,14,4,24,2,1,0,0,0
9,7,0,1,0,6,1,1,2,17,3,35,1,1,0,0,0
9,0,0,1,0,0,0,0,2,16,6,14,7,1,0,0,0
9,8,0,2,0,-12,1,1,0,2,6,30,2,1,0,0,0
9,7,0,1,0,0,0,0,2,20,10,26,1,1,0,0,0
9,7,0,2,0,1,1,0,1,23,6,10,5,1,0,0,0
9,3,0,2,0,0,1,1,2,9,3,26,3,1,0,0,0
9,3,0,3,0,64,0,0,2,19,7,5,2,1,0,0,0
9,10,2,1,0,12,0,0,2,4,1,1,5,1,0,0,0
9,7,0,2,0,110,0,0,2,16,3,40,2,0,1,1,0
9,10,0,3,0,87,0,0,0,18,5,99,2,1,0,0,0
9,7,0,2,0,0,1,1,2,12,4,3,3,0,1,2,0
9,10,0,1,0,8,1,0,0,8,4,9,1,1,0,0,0
9,7,1,1,0,14,1,0,0,4,5,15,1,1,0,0,0
9,11,2,1,0,-5,1,1,0,3,5,18,1,1,0,0,0
9,2,0,1,1,0,0,0,2,19,10,18,5,1,0,0,0
9,11,2,1,0,23,0,0,2,4,1,31,4,1,0,0,0
9,0,0,3,0,5,1,0,0,19,4,2,1,1,0,0,0
9,10,2,3,0,61,0,1,2,28,0,38,1,1,0,0,0
9,0,0,1,0,10,1,0,2,10,6,28,1,1,0,0,0
9,9,1,1,0,137,0,0,1,5,2,25,3,0,1,2,0
9,3,2,3,0,1,1,0,2,13,4,74,2,0,1,2,0
9,2,0,1,0,7,1,1,0,29,4,37,1,1,0,0,0
9,5,0,3,0,14,1,0,0,20,4,44,2,1,0,0,0
9,7,1,1,0,8,1,0,0,6,4,21,2,1,0,0,0
9,2,2,2,0,0,1,0,0,15,4,2,18,1,0,0,0
9,10,2,3,0,0,1,1,2,5,4,15,1,1,0,0,0
9,3,0,3,0,86,1,1,0,19,4,13,2,1,0,0,0
9,10,0,0,0,9,0,0,0,5,5,9,3,1,0,0,0
9,0,2,3,0,22,1,0,2,28,6,7,7,1,0,0,0
9,7,2,1,0,177,1,0,2,20,10,25,1,1,0,0,0
9,11,2,3,0,12,0,0,2,2,1,18,1,1,0,0,0
9,8,2,3,0,5,0,0,2,28,0,9,2,0,1,2,0
9,10,0,3,0,-7,0,1,0,1,6,8,1,1,0,0,0
9,3,2,3,0,0,0,0,2,18,7,8,4,1,0,0,0
9,0,2,1,0,5,1,0,2,14,4,0,5,0,1,2,0
9,10,0,1,0,6,0,1,2,27,1,4,1,1,0,0,0
9,3,2,3,0,20,0,0,2,23,8,74,1,1,0,0,0
9,7,0,2,0,9,1,0,0,29,4,10,2,1,0,0,0
9,7,0,2,0,10,1,0,2,5,1,67,4,1,0,0,0
9,11,0,1,0,36,1,0,0,8,4,80,2,1,0,0,0
9,0,2,1,0,11,1,0,0,7,4,16,1,1,0,0,0
9,0,0,1,0,-3,1,0,2,3,1,25,4,1,0,0,0
9,10,2,1,0,7,1,0,0,8,4,16,2,1,0,0,0
9,10,0,3,0,21,1,1,2,19,7,26,2,1,0,0,0
9,5,0,3,0,155,1,0,2,15,6,13,4,1,0,0,0
9,7,2,1,0,29,0,0,2,18,4,24,2,1,0,0,0
9,7,0,2,0,4,0,1,2,9,1,13,2,0,1,2,0
9,7,0,2,0,9,1,0,0,29,4,18,2,1,0,0,0
9,7,0,2,0,5,1,0,0,23,4,99,3,1,0,0,0
9,11,0,1,0,-1,1,0,0,6,5,77,13,1,0,0,0
9,8,0,1,0,8,1,1,0,17,5,6,4,1,0,0,0
9,3,1,3,0,16,1,0,2,11,4,34,1,0,1,2,0
9,2,2,1,0,-1,0,0,2,15,6,35,1,1,0,0,0
9,7,0,2,0,11,0,0,2,11,6,18,2,1,0,0,0
9,10,2,3,0,4,0,0,2,4,7,5,1,1,0,0,0
9,10,0,1,0,22,1,0,2,12,4,6,1,0,1,2,0
9,0,2,1,0,-7,0,1,0,30,5,15,1,1,0,0,0
9,0,0,2,0,12,1,0,0,12,4,24,1,1,0,0,0
9,10,2,1,0,2,1,0,0,2,5,15,1,1,0,0,0
9,7,0,2,0,4,1,0,0,30,4,32,2,1,0,0,0
9,7,0,1,0,30,1,0,0,23,4,42,2,1,0,0,0
9,7,0,1,0,-4,1,1,0,13,4,17,1,1,0,0,0
9,11,1,1,0,117,0,0,0,8,4,19,2,1,0,0,0
9,7,0,1,0,11,1,1,1,17,3,31,2,0,1,1,0
9,0,2,1,1,0,0,1,2,21,10,30,6,1,0,0,0
9,0,2,1,0,2,1,0,2,15,4,56,3,1,0,0,0
9,5,0,2,0,15,1,0,0,4,5,7,10,1,0,0,0
9,0,2,1,0,122,0,0,0,27,11,33,1,1,0,0,0
9,3,0,3,0,0,0,0,2,13,3,11,3,0,1,2,0
9,7,2,1,0,45,0,0,2,27,4,15,4,0,1,3,0
9,0,0,1,0,61,1,1,2,20,3,25,3,0,1,2,0
9,7,0,1,0,9,1,0,2,9,1,6,4,1,0,0,0
9,5,0,2,0,7,1,0,2,8,4,7,1,1,0,0,0
9,10,0,0,0,37,0,0,0,19,4,11,1,1,0,0,0
9,0,0,1,0,0,1,0,2,4,1,17,1,1,0,0,0
9,3,0,3,0,0,1,0,1,24,6,8,2,1,0,0,0
9,3,1,3,0,16,1,0,2,20,7,12,4,1,0,0,0
9,8,2,1,0,1,0,1,2,18,6,10,2,1,0,0,0
9,5,1,3,0,179,0,0,0,17,5,7,3,1,0,0,0
9,2,0,1,0,16,0,0,1,19,10,4,2,1,0,0,0
9,3,2,3,0,0,1,0,2,11,8,10,2,1,0,0,0
9,3,2,3,0,179,0,0,2,15,5,18,1,1,0,0,0
9,7,0,1,0,70,1,0,2,15,4,0,5,1,0,0,0
9,0,2,1,0,8,1,0,0,28,4,15,2,1,0,0,0
9,7,0,2,0,179,0,0,2,7,6,27,3,1,0,0,0
9,0,0,1,0,-12,1,1,2,15,4,28,15,1,0,0,0
9,8,0,3,0,1,1,1,2,31,7,8,1,1,0,0,0
9,7,0,1,0,8,1,0,0,12,4,2,1,1,0,0,0
9,0,0,1,0,-4,1,0,2,17,6,15,6,1,0,0,0
9,3,1,3,0,9,0,0,0,23,4,21,4,1,0,0,0
9,7,0,1,0,3,1,0,2,9,6,18,1,1,0,0,0
9,10,0,1,0,10,1,0,0,19,4,57,5,1,0,0,0
9,11,2,1,0,5,1,0,0,7,4,13,1,1,0,0,0
9,0,0,1,0,19,1,1,0,12,4,64,3,1,0,0,0
9,3,1,3,0,47,0,0,2,25,7,23,12,1,0,0,0
9,7,0,2,0,-4,1,0,0,20,4,20,2,1,0,0,0
9,8,0,1,0,22,0,0,2,12,7,42,2,1,0,0,0
9,3,2,3,0,0,1,0,2,19,10,5,2,1,0,0,0
9,0,2,1,0,33,0,1,2,28,6,40,3,1,0,0,0
9,11,0,1,0,51,1,0,2,6,4,18,2,0,1,2,0
9,11,0,1,0,0,0,0,2,17,6,5,4,1,0,0,0
9,0,0,3,0,1,0,0,2,17,3,14,2,1,0,0,0
9,10,0,1,0,-5,0,1,2,31,6,5,34,1,0,0,0
9,4,0,3,0,9,1,0,0,14,4,22,1,1,0,0,0
9,7,2,2,0,-2,1,0,2,6,4,20,1,1,0,0,0
9,11,2,1,1,-10,1,0,2,23,6,54,11,1,0,0,0
9,7,0,1,0,-1,1,0,2,25,6,93,1,1,0,0,0
9,7,2,1,0,10,0,0,0,20,5,1,6,1,0,0,0
9,8,2,1,0,2,1,0,0,9,4,27,1,1,0,0,0
9,8,0,2,0,-3,1,1,0,20,5,13,2,1,0,0,0
9,0,1,0,0,19,1,0,1,30,6,3,2,1,0,0,0
9,2,0,1,0,1,0,0,2,5,1,43,1,1,0,0,0
9,3,0,3,0,5,0,0,2,9,5,18,2,0,1,2,0
9,8,1,1,1,0,0,0,0,20,5,63,2,1,0,0,0
9,9,0,1,0,115,1,0,2,12,4,5,5,1,0,0,0
9,4,1,2,0,0,0,0,0,11,5,64,1,1,0,0,0
9,3,0,1,0,34,1,0,0,20,5,6,1,1,0,0,0
9,3,0,3,0,1,0,0,2,31,6,21,4,1,0,0,0
9,0,0,3,0,2,1,1,2,27,3,8,3,1,0,0,0
9,0,1,1,0,22,1,0,2,17,3,5,1,1,0,0,0
9,1,0,3,0,1,0,0,0,19,5,21,2,1,0,0,0
9,0,0,1,0,13,1,0,0,15,4,19,2,1,0,0,0
9,6,2,0,0,11,0,0,2,12,7,12,1,0,1,2,0
9,3,0,3,0,0,1,1,2,25,6,8,4,1,0,0,0
9,7,0,2,0,0,0,0,2,11,7,7,5,1,0,0,0
9,9,0,0,0,3,1,0,1,11,6,33,2,1,0,0,0
9,7,0,1,0,67,1,0,0,6,4,23,1,1,0,0,0
9,2,2,1,0,10,0,0,2,4,5,11,3,1,0,0,0
9,10,2,1,0,0,1,0,0,20,4,48,2,1,0,0,0
9,7,0,1,0,25,1,0,2,20,3,22,1,1,0,0,0
9,0,0,1,0,38,1,0,2,16,3,62,1,1,0,0,0
9,7,2,2,0,50,1,0,0,2,5,21,1,1,0,0,0
9,3,2,3,0,46,0,0,2,30,3,19,1,0,1,2,0
9,9,0,2,0,0,0,0,2,20,7,34,4,1,0,0,0
9,3,0,3,0,179,1,0,2,19,10,10,4,0,1,2,0
9,10,0,1,0,39,1,0,2,8,3,51,2,0,1,2,0
9,7,1,1,0,22,0,1,0,15,4,54,1,1,0,0,0
9,7,0,1,0,22,1,1,0,27,5,14,5,1,0,0,0
9,5,0,1,0,20,1,0,2,3,1,2,9,1,0,0,0
9,11,1,1,0,6,1,0,0,7,4,10,1,1,0,0,0
9,0,2,1,0,8,0,0,2,27,4,10,1,1,0,0,0
9,3,2,2,1,-1,1,0,2,31,6,0,23,1,0,0,0
9,7,0,2,0,35,1,0,0,16,4,20,1,1,0,0,0
9,3,2,3,0,109,0,0,2,4,1,18,4,0,1,3,0
9,7,0,2,0,0,0,0,0,9,5,19,4,1,0,0,0
9,10,0,1,0,74,0,0,0,20,5,5,4,1,0,0,0
9,2,0,0,0,3,0,0,2,11,7,70,2,1,0,0,0
9,7,0,2,0,12,1,0,1,12,4,42,2,1,0,0,0
9,5,1,1,0,50,1,0,2,20,10,6,2,1,0,0,0
9,11,0,2,0,7,0,1,0,1,6,42,2,1,0,0,0
9,4,0,2,0,5,1,0,1,18,4,1,6,1,0,0,0
9,7,0,1,0,3,1,0,0,16,4,18,3,1,0,0,0
9,0,1,1,0,6,1,0,0,13,4,12,2,1,0,0,0
9,3,0,3,0,1,1,0,0,21,4,51,1,1,0,0,0
9,3,0,3,0,9,1,0,1,18,4,8,6,0,1,2,0
9,0,1,1,0,45,1,0,2,5,1,34,2,0,1,2,0
9,7,0,2,0,25,1,0,2,16,6,55,1,1,0,0,0
9,0,0,1,0,12,0,0,2,25,7,22,3,1,0,0,0
9,11,1,1,0,20,1,0,2,21,6,9,3,1,0,0,0
9,0,0,1,0,7,1,0,1,7,4,43,2,0,1,2,0
9,3,2,3,0,0,0,0,2,21,7,13,2,1,0,0,0
9,7,0,2,0,31,0,0,2,8,7,41,2,1,0,0,0
9,10,2,1,0,6,1,0,0,21,4,29,2,1,0,0,0
9,3,0,3,0,2,1,1,0,8,4,14,3,1,0,0,0
9,3,0,3,0,5,0,1,2,5,7,15,1,1,0,0,0
9,0,0,1,0,4,1,0,2,13,4,30,2,1,0,0,0
9,10,0,3,0,5,0,0,2,22,6,11,1,1,0,0,0
9,3,0,3,0,13,1,1,2,21,10,8,4,1,0,0,0
9,3,2,3,0,12,0,0,2,4,5,11,1,1,0,0,0
9,3,2,3,0,179,1,0,1,4,4,48,4,0,1,3,0
9,3,2,0,0,30,1,0,2,16,3,15,1,0,1,1,0
9,1,2,1,0,18,0,0,0,5,5,2,1,1,0,0,0
9,7,2,1,0,7,1,0,0,4,5,18,1,1,0,0,0
9,10,2,1,0,-4,1,0,0,7,4,9,2,1,0,0,0
9,3,1,3,0,0,0,0,0,18,5,49,3,1,0,0,0
9,2,0,1,0,14,0,0,2,4,1,9,1,1,0,0,0
9,3,1,3,0,8,0,0,2,21,7,57,4,1,0,0,0
9,3,2,3,0,16,1,0,2,4,7,8,1,1,0,0,0
9,7,0,2,0,3,1,0,0,2,5,10,4,1,0,0,0
9,10,1,1,0,0,0,0,2,8,4,14,1,1,0,0,0
9,3,0,3,0,105,0,0,2,2,1,21,1,1,0,0,0
9,3,2,3,0,70,1,0,2,8,5,38,1,1,0,0,0
9,7,0,0,0,8,1,0,2,4,1,60,1,0,1,2,0
9,0,0,1,0,25,1,0,2,20,3,7,2,1,0,0,0
9,11,2,1,0,6,1,0,0,16,4,2,3,1,0,0,0
9,10,2,1,0,2,0,0,2,22,7,7,2,1,0,0,0
9,9,0,2,0,6,0,1,2,8,6,52,3,1,0,0,0
9,10,0,1,0,60,1,1,2,2,6,16,1,1,0,0,0
9,11,0,1,0,2,0,1,2,20,7,11,4,1,0,0,0
9,10,2,1,0,23,1,0,0,20,4,43,2,1,0,0,0
9,3,2,3,0,27,1,0,0,21,4,6,1,1,0,0,0
9,7,0,0,0,45,1,0,1,31,6,99,17,1,0,0,0
9,7,0,1,0,31,1,0,0,13,4,2,1,1,0,0,0
9,4,0,2,0,4,1,0,2,11,6,26,2,1,0,0,0
9,3,1,3,0,3,0,0,2,6,7,29,2,1,0,0,0
9,0,2,1,0,1,1,0,0,6,5,23,3,1,0,0,0
9,9,1,2,0,-1,0,1,2,14,6,31,3,1,0,0,0
9,0,0,1,0,8,0,0,0,6,5,10,2,1,0,0,0
9,5,0,1,0,13,0,0,1,17,10,23,1,1,0,0,0
9,7,0,1,0,22,1,1,2,15,3,12,1,0,1,2,0
9,3,2,3,0,107,0,0,2,27,4,11,1,0,1,3,0
9,11,0,1,0,2,0,0,2,25,7,10,4,1,0,0,0
9,0,2,1,0,4,1,0,2,15,3,41,1,1,0,0,0
9,0,0,1,0,-7,0,0,2,9,3,18,1,1,0,0,0
9,7,0,2,0,2,1,0,2,21,10,27,2,1,0,0,0
9,11,2,1,0,162,1,0,0,20,4,13,1,1,0,0,0
9,11,1,1,0,98,1,0,2,20,10,20,1,0,1,2,0
9,3,0,3,0,63,0,0,2,16,10,38,1,0,1,2,0
9,3,0,1,0,3,1,0,0,5,4,22,3,1,0,0,0
9,3,0,3,0,1,1,1,0,4,6,10,1,1,0,0,0
9,2,0,3,0,66,0,0,2,18,7,9,6,1,0,0,0
9,10,1,3,0,0,0,0,2,18,7,23,1,1,0,0,0
9,3,0,3,0,41,1,0,2,1,9,8,1,0,1,2,0
9,6,2,1,0,0,0,0,2,13,7,7,2,1,0,0,0
9,0,0,1,0,11,1,0,2,12,4,39,2,1,0,0,0
9,7,0,1,0,25,0,0,1,31,6,35,15,1,0,0,0
9,7,0,2,0,-15,1,0,0,20,4,12,3,1,0,0,0
9,7,0,2,0,8,1,0,0,26,4,15,2,1,0,0,0
9,7,0,1,0,6,1,0,0,29,4,13,1,1,0,0,0
9,3,2,3,0,1,0,1,2,8,7,8,11,1,0,0,0
9,7,0,2,0,22,1,0,0,6,4,4,1,1,0,0,0
9,7,0,2,0,47,0,1,1,21,7,33,20,1,0,0,0
9,9,0,1,0,113,1,0,0,14,4,23,2,1,0,0,0
9,7,2,1,0,92,1,0,0,20,4,3,1,1,0,0,0
9,11,2,1,0,4,1,0,2,28,6,48,7,1,0,0,0
9,3,0,3,0,179,1,0,0,21,4,41,2,1,0,0,0
9,7,0,1,0,-5,1,0,2,29,6,9,5,1,0,0,0
9,4,0,1,0,1,1,0,2,14,6,7,2,1,0,0,0
9,10,0,1,0,23,0,0,2,11,7,9,3,1,0,0,0
9,5,1,2,0,0,1,1,2,20,10,47,3,1,0,0,0
9,0,2,1,0,27,1,0,2,29,0,46,2,0,1,2,0
9,9,0,3,0,32,1,0,2,27,1,4,2,1,0,0,0
9,10,0,1,0,4,0,0,2,18,10,9,1,1,0,0,0
9,3,2,3,0,45,1,0,0,6,5,4,8,1,0,0,0
9,11,0,1,0,6,1,1,2,7,6,7,7,1,0,0,0
9,8,0,1,0,1,1,0,2,8,4,61,3,1,0,0,0
9,11,2,1,0,1,1,0,2,28,0,25,2,0,1,2,0
9,10,0,1,0,-1,1,0,0,27,4,22,2,1,0,0,0
9,7,0,2,0,4,1,1,2,14,4,30,1,0,1,2,0
9,0,0,1,0,7,0,0,2,29,6,55,2,1,0,0,0
9,3,0,3,0,0,0,0,0,20,5,1,4,1,0,0,0
9,10,2,1,0,17,0,1,1,4,1,23,7,1,0,0,0
9,7,1,2,0,10,1,0,2,18,10,18,1,1,0,0,0
9,7,2,1,0,77,0,0,2,19,10,13,1,1,0,0,0
9,0,0,1,0,8,0,0,2,19,7,25,2,1,0,0,0
9,7,0,1,0,1,1,0,0,2,5,82,4,1,0,0,0
9,10,0,1,0,6,1,1,2,5,4,32,1,1,0,0,0
9,8,0,3,0,23,1,0,2,15,4,5,1,1,0,0,0
9,5,0,1,0,179,1,0,2,3,3,5,4,1,0,0,0
9,2,0,1,0,0,1,0,0,6,4,24,1,1,0,0,0
9,3,2,3,0,0,0,0,2,10,6,5,6,1,0,0,0
9,11,2,1,0,0,1,0,2,7,4,32,2,1,0,0,0
9,10,0,1,0,3,0,1,2,11,7,13,4,1,0,0,0
9,9,1,2,0,1,0,0,1,5,10,14,3,0,1,1,0
9,10,2,1,0,19,0,0,2,8,9,13,2,0,1,2,0
9,7,0,1,0,33,1,1,2,17,10,15,1,1,0,0,0
9,7,0,1,0,-1,1,0,0,9,4,13,3,1,0,0,0
9,9,0,2,0,3,1,1,1,23,6,18,1,1,0,0,0
9,7,0,1,0,0,1,0,0,27,4,13,5,1,0,0,0
9,3,0,3,0,24,1,0,0,13,4,18,1,1,0,0,0
9,11,2,1,0,3,0,0,2,13,3,8,3,1,0,0,0
9,3,0,3,0,14,0,0,2,6,7,43,3,1,0,0,0
9,10,0,1,0,-3,0,1,2,9,6,35,5,1,0,0,0
9,3,0,3,0,38,1,1,2,21,10,43,2,0,1,1,0
9,10,0,1,0,0,1,1,0,14,4,24,2,1,0,0,0
9,11,0,3,0,0,0,1,2,7,6,15,1,1,0,0,0
9,3,2,2,1,0,0,0,2,30,0,47,3,1,0,0,0
9,3,1,3,0,9,1,0,2,19,7,9,6,1,0,0,0
9,7,0,1,0,22,0,0,2,14,6,6,2,1,0,0,0
9,7,2,1,0,-9,1,0,0,16,4,76,2,1,0,0,0
9,3,1,3,0,75,1,0,2,18,7,21,2,0,1,2,0
9,0,0,1,0,35,1,0,0,11,5,27,2,1,0,0,0
9,8,2,3,0,18,1,0,2,20,10,7,1,0,1,2,0
9,10,1,1,0,18,1,0,2,14,7,10,1,0,1,3,0
9,7,0,3,0,35,1,0,2,14,4,28,2,1,0,0,0
9,0,0,2,0,-9,1,1,2,29,0,50,2,0,1,1,0
9,7,0,1,0,-2,1,0,2,18,4,10,2,0,1,2,0
9,7,0,1,0,27,1,0,1,13,4,3,10,1,0,0,0
9,7,2,1,1,-1,1,0,0,3,5,48,2,1,0,0,0
9,7,1,1,0,29,1,0,0,6,5,10,2,1,0,0,0
9,3,2,3,0,11,1,0,2,26,9,10,1,1,0,0,0
9,11,0,1,0,6,0,0,2,3,5,17,1,1,0,0,0
9,10,0,1,0,110,1,0,0,23,4,14,13,1,0,0,0
9,2,2,1,0,179,0,0,2,3,6,47,1,1,0,0,0
9,3,0,3,0,-1,1,0,0,28,4,46,1,1,0,0,0
9,10,0,0,0,94,1,0,2,21,10,23,2,0,1,2,0
9,10,0,3,0,-1,0,0,2,25,7,9,9,1,0,0,0
9,0,1,1,0,10,0,0,2,4,1,27,1,1,0,0,0
9,11,0,1,0,-7,1,0,0,28,4,40,1,1,0,0,0
9,7,0,2,0,0,1,0,1,8,4,2,1,1,0,0,0
9,9,0,2,0,38,0,0,2,2,2,22,2,0,1,2,0
9,3,0,3,0,179,0,1,2,3,5,17,3,1,0,0,0
9,7,0,1,0,6,1,1,0,26,4,16,3,1,0,0,0
9,7,0,2,0,12,1,0,2,14,4,20,1,1,0,0,0
9,0,0,3,0,27,0,0,2,4,7,6,1,1,0,0,0
9,10,2,1,0,117,0,0,2,1,5,8,1,1,0,0,0
9,0,0,2,0,4,1,1,2,17,6,21,2,1,0,0,0
9,3,0,3,0,18,0,1,2,8,6,32,6,1,0,0,0
9,11,0,2,0,-4,0,0,2,22,7,20,4,1,0,0,0
9,7,0,1,0,61,1,0,0,15,4,25,2,1,0,0,0
9,3,0,3,0,3,0,0,2,25,7,1,22,1,0,0,0
9,3,0,3,0,10,1,0,0,17,5,18,2,1,0,0,0
9,11,0,1,0,0,1,0,0,21,4,87,5,1,0,0,0
9,7,0,2,0,0,1,1,2,13,4,0,6,1,0,0,0
9,10,0,3,0,102,0,0,1,29,5,28,2,0,1,1,0
9,7,0,1,0,10,1,0,2,8,3,27,3,1,0,0,0
9,11,2,1,0,0,0,0,2,8,6,28,1,1,0,0,0
9,5,0,2,0,67,1,0,2,19,10,41,5,1,0,0,0
9,7,0,2,0,0,1,0,0,23,4,0,1,1,0,0,0
9,2,2,1,0,-3,1,0,2,3,1,37,1,1,0,0,0
9,6,2,3,0,11,0,0,2,27,3,4,3,1,0,0,0
9,0,0,1,0,80,0,1,0,8,4,33,4,1,0,0,0
9,3,0,3,0,10,1,0,2,22,6,24,1,1,0,0,0
9,11,2,1,0,-8,1,0,2,29,0,19,1,0,1,1,0
9,10,0,1,0,126,1,0,2,21,6,19,4,1,0,0,0
9,3,2,3,0,19,0,1,2,19,10,15,1,1,0,0,0
9,3,0,3,0,40,0,0,0,16,5,8,4,1,0,0,0
9,1,0,0,0,3,0,0,2,4,7,11,2,1,0,0,0
9,5,0,3,0,6,0,0,2,29,0,46,2,1,0,0,0
9,1,0,3,0,153,0,0,1,30,9,7,3,1,0,0,0
9,3,0,3,0,28,0,0,2,18,10,37,1,1,0,0,0
9,3,1,3,0,2,0,0,2,12,7,23,4,1,0,0,0
9,10,1,3,0,0,0,0,2,17,10,13,2,0,1,3,0
9,7,0,1,0,1,1,1,0,16,4,39,2,1,0,0,0
9,11,1,2,0,1,0,1,2,11,6,16,2,1,0,0,0
9,11,0,1,0,4,0,0,2,27,7,32,28,1,0,0,0
9,0,0,1,0,8,1,0,1,12,4,29,5,1,0,0,0
9,9,0,3,0,24,1,1,2,29,0,19,3,0,1,2,0
9,0,0,1,0,9,1,0,0,23,4,9,3,1,0,0,0
9,0,1,1,0,3,1,0,2,13,4,13,2,1,0,0,0
9,10,0,1,0,179,0,0,2,21,3,10,1,1,0,0,0
9,7,0,2,0,3,0,1,2,25,7,6,10,1,0,0,0
9,10,0,1,0,4,1,1,1,2,2,16,4,1,0,0,0
9,3,0,3,0,11,1,0,2,10,6,38,1,1,0,0,0
9,11,2,1,0,-6,1,0,2,14,4,9,7,0,1,2,0
9,11,0,1,0,24,0,0,2,11,7,16,2,1,0,0,0
9,3,2,1,0,7,1,0,2,30,6,5,7,1,0,0,0
9,11,0,1,0,40,1,0,2,11,4,21,1,0,1,2,0
9,11,0,1,0,10,1,0,0,20,4,5,7,1,0,0,0
9,7,2,1,0,3,1,0,2,15,4,41,1,0,1,2,0
9,11,0,1,0,1,1,0,2,6,4,19,1,1,0,0,0
9,3,2,3,0,0,0,0,2,21,7,68,5,1,0,0,0
9,7,0,1,0,0,0,0,0,17,5,11,2,1,0,0,0
9,3,2,3,0,153,0,0,2,5,7,12,1,1,0,0,0
9,10,0,1,0,3,1,0,0,26,4,23,2,1,0,0,0
9,4,0,1,0,146,1,0,0,8,4,14,1,1,0,0,0
9,6,2,3,0,25,0,0,2,7,6,40,1,1,0,0,0
9,6,2,3,0,74,1,0,2,22,4,19,1,0,1,3,0
9,11,0,1,0,9,1,0,2,21,10,39,5,0,1,1,0
9,11,0,2,0,36,1,0,2,15,1,13,1,1,0,0,0
9,3,0,0,0,8,1,0,2,10,6,34,1,1,0,0,0
9,7,0,2,0,-1,1,0,0,27,4,77,1,1,0,0,0
9,5,0,3,0,0,0,0,2,5,4,7,1,0,1,2,0
9,10,0,1,0,43,1,1,0,21,4,85,1,1,0,0,0
9,0,0,1,0,10,1,0,2,5,4,2,3,1,0,0,0
9,7,0,2,0,6,1,0,0,13,4,32,3,1,0,0,0
9,11,1,1,0,-5,0,0,0,20,5,16,1,1,0,0,0
9,3,0,3,0,2,1,0,0,5,5,10,11,1,0,0,0
9,3,0,3,0,47,0,0,2,13,7,37,6,1,0,0,0
9,3,2,3,0,22,1,0,0,14,4,13,3,1,0,0,0
9,3,0,3,0,37,0,0,0,11,5,11,7,1,0,0,0
9,0,0,2,0,26,1,0,0,29,4,28,1,1,0,0,0
9,0,2,3,0,0,0,0,2,2,1,9,3,1,0,0,0
9,0,0,1,0,10,0,1,2,24,6,9,2,1,0,0,0
9,10,0,1,1,0,0,0,2,8,6,58,2,1,0,0,0
9,8,0,2,0,43,1,0,2,18,10,21,1,1,0,0,0
9,3,0,3,0,23,1,1,2,2,1,15,1,1,0,0,0
9,0,0,1,0,3,0,0,2,16,6,13,2,1,0,0,0
9,7,0,3,0,29,1,0,0,19,4,37,6,1,0,0,0
9,10,0,1,0,7,1,0,2,21,10,36,1,0,1,2,0
9,7,0,2,0,2,0,0,0,17,5,25,1,1,0,0,0
9,3,0,1,0,0,1,0,2,24,6,72,2,1,0,0,0
9,3,1,3,0,-2,0,1,2,28,6,12,6,1,0,0,0
9,7,0,1,0,26,0,1,1,10,6,3,1,1,0,0,0
9,11,0,1,0,33,0,0,2,3,10,17,1,1,0,0,0
9,11,2,1,0,1,0,1,2,29,0,24,1,1,0,0,0
9,3,0,3,0,3,1,0,2,12,4,6,1,1,0,0,0
9,10,2,1,0,7,0,0,2,13,7,47,1,1,0,0,0
9,10,2,1,0,87,1,0,2,27,1,7,1,1,0,0,0
9,8,0,3,0,5,0,0,2,24,6,5,2,1,0,0,0
9,7,0,1,0,6,1,1,1,4,1,8,1,0,1,1,0
9,7,0,2,0,5,1,1,2,28,0,3,1,1,0,0,0
9,0,1,1,0,11,1,0,2,25,6,30,1,1,0,0,0
9,3,2,3,0,35,1,0,0,21,4,20,3,1,0,0,0
9,5,1,0,0,94,1,0,0,3,5,67,5,1,0,0,0
9,6,2,0,0,2,0,0,2,5,1,9,3,0,1,2,0
9,3,2,3,0,10,0,0,2,13,7,12,2,1,0,0,0
9,7,2,1,0,-4,0,0,2,11,6,19,2,1,0,0,0
9,0,0,1,0,8,1,1,2,20,9,13,2,0,1,2,0
9,9,1,1,0,0,1,0,2,15,6,19,2,1,0,0,0
9,11,2,1,0,0,0,0,2,18,6,13,2,1,0,0,0
9,0,1,1,0,-9,1,0,0,28,4,21,1,1,0,0,0
9,3,0,3,0,1,1,0,2,24,6,20,1,1,0,0,0
9,3,0,3,0,85,1,0,2,6,4,9,2,0,1,2,0
9,10,2,1,0,12,1,0,2,29,7,12,2,1,0,0,0
9,5,2,3,0,17,1,1,2,28,7,2,10,1,0,0,0
9,7,0,2,0,41,1,1,2,14,4,29,1,0,1,2,0
9,3,0,3,1,0,1,0,2,4,1,35,2,1,0,0,0
9,10,0,2,0,0,1,0,2,23,6,15,1,1,0,0,0
9,9,0,2,0,15,0,0,2,24,3,17,2,1,0,0,0
9,3,0,3,0,118,0,0,2,6,1,25,2,1,0,0,0
9,8,0,1,0,10,1,0,2,29,6,11,4,1,0,0,0
9,7,2,1,0,5,0,0,0,14,4,51,2,1,0,0,0
9,0,2,3,0,0,1,0,2,30,0,15,1,1,0,0,0
9,10,0,3,0,133,1,0,2,21,10,4,4,1,0,0,0
9,7,0,2,0,49,1,0,0,3,5,17,2,1,0,0,0
9,0,0,1,0,21,1,0,2,25,4,21,1,1,0,0,0
9,2,2,1,1,-20,0,1,1,7,6,23,2,1,0,0,0
9,7,1,2,0,-14,0,0,2,10,6,38,1,1,0,0,0
9,7,0,1,0,10,1,0,0,8,4,48,2,1,0,0,0
9,10,2,1,0,20,1,0,2,6,4,24,1,1,0,0,0
9,7,1,1,0,1,1,0,2,13,3,15,3,1,0,0,0
9,10,0,1,0,18,1,1,0,26,4,11,1,1,0,0,0
9,0,2,1,0,2,1,0,2,21,10,7,1,1,0,0,0
9,10,0,3,1,-14,1,1,2,11,7,28,3,1,0,0,0
9,7,0,1,1,-1,1,0,2,22,6,14,5,1,0,0,0
9,4,0,1,0,11,0,0,2,29,6,6,5,1,0,0,0
9,10,0,2,0,0,1,0,0,6,4,7,4,1,0,0,0
9,7,2,1,1,0,1,0,2,14,4,1,7,0,1,1,0
9,11,1,1,1,-2,1,1,1,12,4,3,6,1,0,0,0
9,3,0,3,0,0,0,0,2,25,7,11,6,1,0,0,0
9,7,0,1,0,-3,1,0,2,27,7,16,7,1,0,0,0
9,3,0,3,0,2,1,0,0,19,4,29,1,1,0,0,0
9,3,2,3,0,1,0,0,2,22,7,21,1,1,0,0,0
9,3,2,3,0,9,1,0,2,14,4,18,1,0,1,2,0
9,5,0,1,0,2,1,0,0,7,4,14,2,1,0,0,0
9,10,0,1,0,5,1,0,2,18,4,20,1,1,0,0,0
9,0,0,1,0,19,1,1,2,30,0,25,2,0,1,2,0
9,11,0,1,0,86,1,1,2,8,4,13,1,0,1,2,0
9,10,0,3,0,8,1,0,2,8,4,23,2,1,0,0,0
9,3,2,3,0,179,1,0,1,15,4,7,10,0,1,2,0
9,11,0,2,0,85,0,0,1,29,6,12,3,1,0,0,0
9,3,0,3,1,1,0,1,0,8,4,16,3,1,0,0,0
9,8,2,3,0,11,1,0,2,17,3,66,1,0,1,2,0
9,0,1,1,1,-10,1,1,0,21,4,67,3,1,0,0,0
9,0,0,1,0,63,1,0,0,16,5,29,4,1,0,0,0
9,3,0,3,0,13,1,0,0,26,4,22,1,1,0,0,0
9,3,2,3,0,14,1,0,0,5,5,59,3,1,0,0,0
9,3,0,3,0,41,0,0,2,20,10,6,1,1,0,0,0
9,9,0,2,0,52,0,0,2,7,7,21,1,1,0,0,0
9,0,0,1,0,0,1,0,2,21,6,10,10,1,0,0,0
9,0,2,1,0,6,0,0,2,4,5,28,3,0,1,2,0
9,6,2,1,0,48,1,0,2,11,4,23,5,0,1,2,0
9,7,0,2,0,4,0,0,0,11,5,8,5,1,0,0,0
9,11,2,1,0,0,1,0,2,20,3,40,6,0,1,2,0
9,10,0,3,0,61,1,1,2,20,3,26,2,0,1,2,0
9,11,0,2,0,15,0,1,2,8,6,21,2,1,0,0,0
9,3,0,3,0,0,1,1,2,18,10,5,1,1,0,0,0